The target system is: Generic -  - 
The host system is: Linux - 6.18.33.2-microsoft-standard-WSL2 - x86_64
Compiling the C compiler identification source file "CMakeCCompilerId.c" succeeded.
Compiler: /opt/esp/tools/xtensa-esp-elf/esp-13.2.0_20230928/xtensa-esp-elf/bin/xtensa-esp32s3-elf-gcc 
Build flags: -mlongcalls;;-fno-builtin-memcpy;-fno-builtin-memset;-fno-builtin-bzero;-fno-builtin-stpcpy;-fno-builtin-strncpy
Id flags:  

The output was:
0


Compilation of the C compiler identification source "CMakeCCompilerId.c" produced "a.out"

The C compiler identification is GNU, found in "/project/build/CMakeFiles/3.24.0/CompilerIdC/a.out"

Compiling the CXX compiler identification source file "CMakeCXXCompilerId.cpp" succeeded.
Compiler: /opt/esp/tools/xtensa-esp-elf/esp-13.2.0_20230928/xtensa-esp-elf/bin/xtensa-esp32s3-elf-g++ 
Build flags: -mlongcalls;;-fno-builtin-memcpy;-fno-builtin-memset;-fno-builtin-bzero;-fno-builtin-stpcpy;-fno-builtin-strncpy
Id flags:  

The output was:
0


Compilation of the CXX compiler identification source "CMakeCXXCompilerId.cpp" produced "a.out"

The CXX compiler identification is GNU, found in "/project/build/CMakeFiles/3.24.0/CompilerIdCXX/a.out"

Checking whether the ASM compiler is GNU using "--version" matched "(GNU assembler)|(GCC)|(Free Software Foundation)":
xtensa-esp-elf-gcc (crosstool-NG esp-13.2.0_20230928) 13.2.0
Copyright (C) 2023 Free Software Foundation, Inc.
This is free software; see the source for copying conditions.  There is NO
warranty; not even for MERCHANTABILITY or FITNESS FOR A PARTICULAR PURPOSE.

Detecting C compiler ABI info compiled with the following output:
Change Dir: /project/build/CMakeFiles/CMakeTmp

Run Build Command(s):/usr/bin/ninja cmTC_f5c12 && [1/2] Building C object CMakeFiles/cmTC_f5c12.dir/CMakeCCompilerABI.c.obj
Using built-in specs.
COLLECT_GCC=/opt/esp/tools/xtensa-esp-elf/esp-13.2.0_20230928/xtensa-esp-elf/bin/xtensa-esp-elf-gcc
Target: xtensa-esp-elf
Configured with: /builds/idf/crosstool-NG/.build/xtensa-esp-elf/src/gcc/configure --build=x86_64-build_pc-linux-gnu --host=x86_64-build_pc-linux-gnu --target=xtensa-esp-elf --prefix=/builds/idf/crosstool-NG/builds/xtensa-esp-elf --exec_prefix=/builds/idf/crosstool-NG/builds/xtensa-esp-elf --with-local-prefix=/builds/idf/crosstool-NG/builds/xtensa-esp-elf/xtensa-esp-elf --with-headers=/builds/idf/crosstool-NG/builds/xtensa-esp-elf/xtensa-esp-elf/include --with-newlib --enable-threads=no --disable-shared --with-pkgversion='crosstool-NG esp-13.2.0_20230928' --disable-__cxa_atexit --enable-cxx-flags=-ffunction-sections --disable-libgomp --disable-libmudflap --disable-libmpx --disable-libssp --disable-libquadmath --disable-libquadmath-support --disable-libstdcxx-verbose --with-gmp=/builds/idf/crosstool-NG/.build/xtensa-esp-elf/buildtools --with-mpfr=/builds/idf/crosstool-NG/.build/xtensa-esp-elf/buildtools --with-mpc=/builds/idf/crosstool-NG/.build/xtensa-esp-elf/buildtools --with-isl=/builds/idf/crosstool-NG/.build/xtensa-esp-elf/buildtools --enable-lto --enable-target-optspace --without-long-double-128 --disable-nls --enable-multiarch --enable-languages=c,c++ --disable-libstdcxx-verbose --enable-threads=posix --enable-gcov-custom-rtio --enable-libstdcxx-time=yes
Thread model: posix
Supported LTO compression algorithms: zlib
gcc version 13.2.0 (crosstool-NG esp-13.2.0_20230928) 
COLLECT_GCC_OPTIONS='-mdynconfig=xtensa_esp32s3.so' '-mlongcalls' '-fno-builtin-memcpy' '-fno-builtin-memset' '-fno-builtin-bzero' '-fno-builtin-stpcpy' '-fno-builtin-strncpy' '-v' '-o' 'CMakeFiles/cmTC_f5c12.dir/CMakeCCompilerABI.c.obj' '-c' '-dumpdir' 'CMakeFiles/cmTC_f5c12.dir/'
 /opt/esp/tools/xtensa-esp-elf/esp-13.2.0_20230928/xtensa-esp-elf/bin/../libexec/gcc/xtensa-esp-elf/13.2.0/cc1 -quiet -v -imultilib esp32s3 -iprefix /opt/esp/tools/xtensa-esp-elf/esp-13.2.0_20230928/xtensa-esp-elf/bin/../lib/gcc/xtensa-esp-elf/13.2.0/ /opt/esp/tools/cmake/3.24.0/share/cmake-3.24/Modules/CMakeCCompilerABI.c -quiet -dumpdir CMakeFiles/cmTC_f5c12.dir/ -dumpbase CMakeCCompilerABI.c.c -dumpbase-ext .c -mdynconfig=xtensa_esp32s3.so -mlongcalls -version -fno-builtin-memcpy -fno-builtin-memset -fno-builtin-bzero -fno-builtin-stpcpy -fno-builtin-strncpy -o /tmp/ccF735E6.s
GNU C17 (crosstool-NG esp-13.2.0_20230928) version 13.2.0 (xtensa-esp-elf)
	compiled by GNU C version 4.9.2, GMP version 6.2.1, MPFR version 4.1.0, MPC version 1.2.1, isl version isl-0.24-GMP

GGC heuristics: --param ggc-min-expand=100 --param ggc-min-heapsize=131072
ignoring duplicate directory "/opt/esp/tools/xtensa-esp-elf/esp-13.2.0_20230928/xtensa-esp-elf/bin/../lib/gcc/../../lib/gcc/xtensa-esp-elf/13.2.0/include"
ignoring duplicate directory "/opt/esp/tools/xtensa-esp-elf/esp-13.2.0_20230928/xtensa-esp-elf/bin/../lib/gcc/../../lib/gcc/xtensa-esp-elf/13.2.0/include-fixed"
ignoring duplicate directory "/opt/esp/tools/xtensa-esp-elf/esp-13.2.0_20230928/xtensa-esp-elf/bin/../lib/gcc/../../lib/gcc/xtensa-esp-elf/13.2.0/../../../../xtensa-esp-elf/sys-include"
ignoring duplicate directory "/opt/esp/tools/xtensa-esp-elf/esp-13.2.0_20230928/xtensa-esp-elf/bin/../lib/gcc/../../lib/gcc/xtensa-esp-elf/13.2.0/../../../../xtensa-esp-elf/include"
#include "..." search starts here:
#include <...> search starts here:
 /opt/esp/tools/xtensa-esp-elf/esp-13.2.0_20230928/xtensa-esp-elf/bin/../lib/gcc/xtensa-esp-elf/13.2.0/include
 /opt/esp/tools/xtensa-esp-elf/esp-13.2.0_20230928/xtensa-esp-elf/bin/../lib/gcc/xtensa-esp-elf/13.2.0/include-fixed
 /opt/esp/tools/xtensa-esp-elf/esp-13.2.0_20230928/xtensa-esp-elf/bin/../lib/gcc/xtensa-esp-elf/13.2.0/../../../../xtensa-esp-elf/sys-include
 /opt/esp/tools/xtensa-esp-elf/esp-13.2.0_20230928/xtensa-esp-elf/bin/../lib/gcc/xtensa-esp-elf/13.2.0/../../../../xtensa-esp-elf/include
End of search list.
Compiler executable checksum: 4539739640aaddb8d2d8a8b528c1da63
COLLECT_GCC_OPTIONS='-mdynconfig=xtensa_esp32s3.so' '-mlongcalls' '-fno-builtin-memcpy' '-fno-builtin-memset' '-fno-builtin-bzero' '-fno-builtin-stpcpy' '-fno-builtin-strncpy' '-v' '-o' 'CMakeFiles/cmTC_f5c12.dir/CMakeCCompilerABI.c.obj' '-c' '-dumpdir' 'CMakeFiles/cmTC_f5c12.dir/'
 /opt/esp/tools/xtensa-esp-elf/esp-13.2.0_20230928/xtensa-esp-elf/bin/../lib/gcc/xtensa-esp-elf/13.2.0/../../../../xtensa-esp-elf/bin/as --traditional-format --longcalls --dynconfig=xtensa_esp32s3.so -o CMakeFiles/cmTC_f5c12.dir/CMakeCCompilerABI.c.obj /tmp/ccF735E6.s
COMPILER_PATH=/opt/esp/tools/xtensa-esp-elf/esp-13.2.0_20230928/xtensa-esp-elf/bin/../libexec/gcc/xtensa-esp-elf/13.2.0/:/opt/esp/tools/xtensa-esp-elf/esp-13.2.0_20230928/xtensa-esp-elf/bin/../libexec/gcc/:/opt/esp/tools/xtensa-esp-elf/esp-13.2.0_20230928/xtensa-esp-elf/bin/../lib/gcc/xtensa-esp-elf/13.2.0/../../../../xtensa-esp-elf/bin/
LIBRARY_PATH=/opt/esp/tools/xtensa-esp-elf/esp-13.2.0_20230928/xtensa-esp-elf/bin/../lib/gcc/xtensa-esp-elf/13.2.0/esp32s3/:/opt/esp/tools/xtensa-esp-elf/esp-13.2.0_20230928/xtensa-esp-elf/bin/../lib/gcc/xtensa-esp-elf/13.2.0/../../../../xtensa-esp-elf/lib/esp32s3/:/opt/esp/tools/xtensa-esp-elf/esp-13.2.0_20230928/xtensa-esp-elf/bin/../lib/gcc/xtensa-esp-elf/13.2.0/:/opt/esp/tools/xtensa-esp-elf/esp-13.2.0_20230928/xtensa-esp-elf/bin/../lib/gcc/:/opt/esp/tools/xtensa-esp-elf/esp-13.2.0_20230928/xtensa-esp-elf/bin/../lib/gcc/xtensa-esp-elf/13.2.0/../../../../xtensa-esp-elf/lib/
COLLECT_GCC_OPTIONS='-mdynconfig=xtensa_esp32s3.so' '-mlongcalls' '-fno-builtin-memcpy' '-fno-builtin-memset' '-fno-builtin-bzero' '-fno-builtin-stpcpy' '-fno-builtin-strncpy' '-v' '-o' 'CMakeFiles/cmTC_f5c12.dir/CMakeCCompilerABI.c.obj' '-c' '-dumpdir' 'CMakeFiles/cmTC_f5c12.dir/CMakeCCompilerABI.c.'
[2/2] Linking C executable cmTC_f5c12
Using built-in specs.
COLLECT_GCC=/opt/esp/tools/xtensa-esp-elf/esp-13.2.0_20230928/xtensa-esp-elf/bin/xtensa-esp-elf-gcc
COLLECT_LTO_WRAPPER=/opt/esp/tools/xtensa-esp-elf/esp-13.2.0_20230928/xtensa-esp-elf/bin/../libexec/gcc/xtensa-esp-elf/13.2.0/lto-wrapper
Target: xtensa-esp-elf
Configured with: /builds/idf/crosstool-NG/.build/xtensa-esp-elf/src/gcc/configure --build=x86_64-build_pc-linux-gnu --host=x86_64-build_pc-linux-gnu --target=xtensa-esp-elf --prefix=/builds/idf/crosstool-NG/builds/xtensa-esp-elf --exec_prefix=/builds/idf/crosstool-NG/builds/xtensa-esp-elf --with-local-prefix=/builds/idf/crosstool-NG/builds/xtensa-esp-elf/xtensa-esp-elf --with-headers=/builds/idf/crosstool-NG/builds/xtensa-esp-elf/xtensa-esp-elf/include --with-newlib --enable-threads=no --disable-shared --with-pkgversion='crosstool-NG esp-13.2.0_20230928' --disable-__cxa_atexit --enable-cxx-flags=-ffunction-sections --disable-libgomp --disable-libmudflap --disable-libmpx --disable-libssp --disable-libquadmath --disable-libquadmath-support --disable-libstdcxx-verbose --with-gmp=/builds/idf/crosstool-NG/.build/xtensa-esp-elf/buildtools --with-mpfr=/builds/idf/crosstool-NG/.build/xtensa-esp-elf/buildtools --with-mpc=/builds/idf/crosstool-NG/.build/xtensa-esp-elf/buildtools --with-isl=/builds/idf/crosstool-NG/.build/xtensa-esp-elf/buildtools --enable-lto --enable-target-optspace --without-long-double-128 --disable-nls --enable-multiarch --enable-languages=c,c++ --disable-libstdcxx-verbose --enable-threads=posix --enable-gcov-custom-rtio --enable-libstdcxx-time=yes
Thread model: posix
Supported LTO compression algorithms: zlib
gcc version 13.2.0 (crosstool-NG esp-13.2.0_20230928) 
COMPILER_PATH=/opt/esp/tools/xtensa-esp-elf/esp-13.2.0_20230928/xtensa-esp-elf/bin/../libexec/gcc/xtensa-esp-elf/13.2.0/:/opt/esp/tools/xtensa-esp-elf/esp-13.2.0_20230928/xtensa-esp-elf/bin/../libexec/gcc/:/opt/esp/tools/xtensa-esp-elf/esp-13.2.0_20230928/xtensa-esp-elf/bin/../lib/gcc/xtensa-esp-elf/13.2.0/../../../../xtensa-esp-elf/bin/
LIBRARY_PATH=/opt/esp/tools/xtensa-esp-elf/esp-13.2.0_20230928/xtensa-esp-elf/bin/../lib/gcc/xtensa-esp-elf/13.2.0/esp32s3/:/opt/esp/tools/xtensa-esp-elf/esp-13.2.0_20230928/xtensa-esp-elf/bin/../lib/gcc/xtensa-esp-elf/13.2.0/../../../../xtensa-esp-elf/lib/esp32s3/:/opt/esp/tools/xtensa-esp-elf/esp-13.2.0_20230928/xtensa-esp-elf/bin/../lib/gcc/xtensa-esp-elf/13.2.0/:/opt/esp/tools/xtensa-esp-elf/esp-13.2.0_20230928/xtensa-esp-elf/bin/../lib/gcc/:/opt/esp/tools/xtensa-esp-elf/esp-13.2.0_20230928/xtensa-esp-elf/bin/../lib/gcc/xtensa-esp-elf/13.2.0/../../../../xtensa-esp-elf/lib/
COLLECT_GCC_OPTIONS='-mdynconfig=xtensa_esp32s3.so' '-mlongcalls' '-fno-builtin-memcpy' '-fno-builtin-memset' '-fno-builtin-bzero' '-fno-builtin-stpcpy' '-fno-builtin-strncpy' '-v' '-o' 'cmTC_f5c12' '-dumpdir' 'cmTC_f5c12.'
 /opt/esp/tools/xtensa-esp-elf/esp-13.2.0_20230928/xtensa-esp-elf/bin/../libexec/gcc/xtensa-esp-elf/13.2.0/collect2 -plugin /opt/esp/tools/xtensa-esp-elf/esp-13.2.0_20230928/xtensa-esp-elf/bin/../libexec/gcc/xtensa-esp-elf/13.2.0/liblto_plugin.so -plugin-opt=/opt/esp/tools/xtensa-esp-elf/esp-13.2.0_20230928/xtensa-esp-elf/bin/../libexec/gcc/xtensa-esp-elf/13.2.0/lto-wrapper -plugin-opt=-fresolution=/tmp/ccqG2fxZ.res -plugin-opt=-pass-through=-lgcc -plugin-opt=-pass-through=-lc -plugin-opt=-pass-through=-lnosys -plugin-opt=-pass-through=-lc -plugin-opt=-pass-through=-lgcc --dynconfig=xtensa_esp32s3.so -o cmTC_f5c12 /opt/esp/tools/xtensa-esp-elf/esp-13.2.0_20230928/xtensa-esp-elf/bin/../lib/gcc/xtensa-esp-elf/13.2.0/../../../../xtensa-esp-elf/lib/esp32s3/crt0.o /opt/esp/tools/xtensa-esp-elf/esp-13.2.0_20230928/xtensa-esp-elf/bin/../lib/gcc/xtensa-esp-elf/13.2.0/esp32s3/crti.o /opt/esp/tools/xtensa-esp-elf/esp-13.2.0_20230928/xtensa-esp-elf/bin/../lib/gcc/xtensa-esp-elf/13.2.0/esp32s3/crtbegin.o -L/opt/esp/tools/xtensa-esp-elf/esp-13.2.0_20230928/xtensa-esp-elf/bin/../lib/gcc/xtensa-esp-elf/13.2.0/esp32s3 -L/opt/esp/tools/xtensa-esp-elf/esp-13.2.0_20230928/xtensa-esp-elf/bin/../lib/gcc/xtensa-esp-elf/13.2.0/../../../../xtensa-esp-elf/lib/esp32s3 -L/opt/esp/tools/xtensa-esp-elf/esp-13.2.0_20230928/xtensa-esp-elf/bin/../lib/gcc/xtensa-esp-elf/13.2.0 -L/opt/esp/tools/xtensa-esp-elf/esp-13.2.0_20230928/xtensa-esp-elf/bin/../lib/gcc -L/opt/esp/tools/xtensa-esp-elf/esp-13.2.0_20230928/xtensa-esp-elf/bin/../lib/gcc/xtensa-esp-elf/13.2.0/../../../../xtensa-esp-elf/lib CMakeFiles/cmTC_f5c12.dir/CMakeCCompilerABI.c.obj -lgcc -lc -lnosys -lc -lgcc /opt/esp/tools/xtensa-esp-elf/esp-13.2.0_20230928/xtensa-esp-elf/bin/../lib/gcc/xtensa-esp-elf/13.2.0/esp32s3/crtend.o /opt/esp/tools/xtensa-esp-elf/esp-13.2.0_20230928/xtensa-esp-elf/bin/../lib/gcc/xtensa-esp-elf/13.2.0/esp32s3/crtn.o
COLLECT_GCC_OPTIONS='-mdynconfig=xtensa_esp32s3.so' '-mlongcalls' '-fno-builtin-memcpy' '-fno-builtin-memset' '-fno-builtin-bzero' '-fno-builtin-stpcpy' '-fno-builtin-strncpy' '-v' '-o' 'cmTC_f5c12' '-dumpdir' 'cmTC_f5c12.'



Parsed C implicit include dir info from above output: rv=done
  found start of include info
  found start of implicit include info
    add: [/opt/esp/tools/xtensa-esp-elf/esp-13.2.0_20230928/xtensa-esp-elf/bin/../lib/gcc/xtensa-esp-elf/13.2.0/include]
    add: [/opt/esp/tools/xtensa-esp-elf/esp-13.2.0_20230928/xtensa-esp-elf/bin/../lib/gcc/xtensa-esp-elf/13.2.0/include-fixed]
    add: [/opt/esp/tools/xtensa-esp-elf/esp-13.2.0_20230928/xtensa-esp-elf/bin/../lib/gcc/xtensa-esp-elf/13.2.0/../../../../xtensa-esp-elf/sys-include]
    add: [/opt/esp/tools/xtensa-esp-elf/esp-13.2.0_20230928/xtensa-esp-elf/bin/../lib/gcc/xtensa-esp-elf/13.2.0/../../../../xtensa-esp-elf/include]
  end of search list found
  collapse include dir [/opt/esp/tools/xtensa-esp-elf/esp-13.2.0_20230928/xtensa-esp-elf/bin/../lib/gcc/xtensa-esp-elf/13.2.0/include] ==> [/opt/esp/tools/xtensa-esp-elf/esp-13.2.0_20230928/xtensa-esp-elf/lib/gcc/xtensa-esp-elf/13.2.0/include]
  collapse include dir [/opt/esp/tools/xtensa-esp-elf/esp-13.2.0_20230928/xtensa-esp-elf/bin/../lib/gcc/xtensa-esp-elf/13.2.0/include-fixed] ==> [/opt/esp/tools/xtensa-esp-elf/esp-13.2.0_20230928/xtensa-esp-elf/lib/gcc/xtensa-esp-elf/13.2.0/include-fixed]
  collapse include dir [/opt/esp/tools/xtensa-esp-elf/esp-13.2.0_20230928/xtensa-esp-elf/bin/../lib/gcc/xtensa-esp-elf/13.2.0/../../../../xtensa-esp-elf/sys-include] ==> [/opt/esp/tools/xtensa-esp-elf/esp-13.2.0_20230928/xtensa-esp-elf/xtensa-esp-elf/sys-include]
  collapse include dir [/opt/esp/tools/xtensa-esp-elf/esp-13.2.0_20230928/xtensa-esp-elf/bin/../lib/gcc/xtensa-esp-elf/13.2.0/../../../../xtensa-esp-elf/include] ==> [/opt/esp/tools/xtensa-esp-elf/esp-13.2.0_20230928/xtensa-esp-elf/xtensa-esp-elf/include]
  implicit include dirs: [/opt/esp/tools/xtensa-esp-elf/esp-13.2.0_20230928/xtensa-esp-elf/lib/gcc/xtensa-esp-elf/13.2.0/include;/opt/esp/tools/xtensa-esp-elf/esp-13.2.0_20230928/xtensa-esp-elf/lib/gcc/xtensa-esp-elf/13.2.0/include-fixed;/opt/esp/tools/xtensa-esp-elf/esp-13.2.0_20230928/xtensa-esp-elf/xtensa-esp-elf/sys-include;/opt/esp/tools/xtensa-esp-elf/esp-13.2.0_20230928/xtensa-esp-elf/xtensa-esp-elf/include]


Parsed C implicit link information from above output:
  link line regex: [^( *|.*[/\])(xtensa-esp32s3-elf-ld|CMAKE_LINK_STARTFILE-NOTFOUND|([^/\]+-)?ld|collect2)[^/\]*( |$)]
  ignore line: [Change Dir: /project/build/CMakeFiles/CMakeTmp]
  ignore line: []
  ignore line: [Run Build Command(s):/usr/bin/ninja cmTC_f5c12 && [1/2] Building C object CMakeFiles/cmTC_f5c12.dir/CMakeCCompilerABI.c.obj]
  ignore line: [Using built-in specs.]
  ignore line: [COLLECT_GCC=/opt/esp/tools/xtensa-esp-elf/esp-13.2.0_20230928/xtensa-esp-elf/bin/xtensa-esp-elf-gcc]
  ignore line: [Target: xtensa-esp-elf]
  ignore line: [Configured with: /builds/idf/crosstool-NG/.build/xtensa-esp-elf/src/gcc/configure --build=x86_64-build_pc-linux-gnu --host=x86_64-build_pc-linux-gnu --target=xtensa-esp-elf --prefix=/builds/idf/crosstool-NG/builds/xtensa-esp-elf --exec_prefix=/builds/idf/crosstool-NG/builds/xtensa-esp-elf --with-local-prefix=/builds/idf/crosstool-NG/builds/xtensa-esp-elf/xtensa-esp-elf --with-headers=/builds/idf/crosstool-NG/builds/xtensa-esp-elf/xtensa-esp-elf/include --with-newlib --enable-threads=no --disable-shared --with-pkgversion='crosstool-NG esp-13.2.0_20230928' --disable-__cxa_atexit --enable-cxx-flags=-ffunction-sections --disable-libgomp --disable-libmudflap --disable-libmpx --disable-libssp --disable-libquadmath --disable-libquadmath-support --disable-libstdcxx-verbose --with-gmp=/builds/idf/crosstool-NG/.build/xtensa-esp-elf/buildtools --with-mpfr=/builds/idf/crosstool-NG/.build/xtensa-esp-elf/buildtools --with-mpc=/builds/idf/crosstool-NG/.build/xtensa-esp-elf/buildtools --with-isl=/builds/idf/crosstool-NG/.build/xtensa-esp-elf/buildtools --enable-lto --enable-target-optspace --without-long-double-128 --disable-nls --enable-multiarch --enable-languages=c c++ --disable-libstdcxx-verbose --enable-threads=posix --enable-gcov-custom-rtio --enable-libstdcxx-time=yes]
  ignore line: [Thread model: posix]
  ignore line: [Supported LTO compression algorithms: zlib]
  ignore line: [gcc version 13.2.0 (crosstool-NG esp-13.2.0_20230928) ]
  ignore line: [COLLECT_GCC_OPTIONS='-mdynconfig=xtensa_esp32s3.so' '-mlongcalls' '-fno-builtin-memcpy' '-fno-builtin-memset' '-fno-builtin-bzero' '-fno-builtin-stpcpy' '-fno-builtin-strncpy' '-v' '-o' 'CMakeFiles/cmTC_f5c12.dir/CMakeCCompilerABI.c.obj' '-c' '-dumpdir' 'CMakeFiles/cmTC_f5c12.dir/']
  ignore line: [ /opt/esp/tools/xtensa-esp-elf/esp-13.2.0_20230928/xtensa-esp-elf/bin/../libexec/gcc/xtensa-esp-elf/13.2.0/cc1 -quiet -v -imultilib esp32s3 -iprefix /opt/esp/tools/xtensa-esp-elf/esp-13.2.0_20230928/xtensa-esp-elf/bin/../lib/gcc/xtensa-esp-elf/13.2.0/ /opt/esp/tools/cmake/3.24.0/share/cmake-3.24/Modules/CMakeCCompilerABI.c -quiet -dumpdir CMakeFiles/cmTC_f5c12.dir/ -dumpbase CMakeCCompilerABI.c.c -dumpbase-ext .c -mdynconfig=xtensa_esp32s3.so -mlongcalls -version -fno-builtin-memcpy -fno-builtin-memset -fno-builtin-bzero -fno-builtin-stpcpy -fno-builtin-strncpy -o /tmp/ccF735E6.s]
  ignore line: [GNU C17 (crosstool-NG esp-13.2.0_20230928) version 13.2.0 (xtensa-esp-elf)]
  ignore line: [	compiled by GNU C version 4.9.2  GMP version 6.2.1  MPFR version 4.1.0  MPC version 1.2.1  isl version isl-0.24-GMP]
  ignore line: []
  ignore line: [GGC heuristics: --param ggc-min-expand=100 --param ggc-min-heapsize=131072]
  ignore line: [ignoring duplicate directory "/opt/esp/tools/xtensa-esp-elf/esp-13.2.0_20230928/xtensa-esp-elf/bin/../lib/gcc/../../lib/gcc/xtensa-esp-elf/13.2.0/include"]
  ignore line: [ignoring duplicate directory "/opt/esp/tools/xtensa-esp-elf/esp-13.2.0_20230928/xtensa-esp-elf/bin/../lib/gcc/../../lib/gcc/xtensa-esp-elf/13.2.0/include-fixed"]
  ignore line: [ignoring duplicate directory "/opt/esp/tools/xtensa-esp-elf/esp-13.2.0_20230928/xtensa-esp-elf/bin/../lib/gcc/../../lib/gcc/xtensa-esp-elf/13.2.0/../../../../xtensa-esp-elf/sys-include"]
  ignore line: [ignoring duplicate directory "/opt/esp/tools/xtensa-esp-elf/esp-13.2.0_20230928/xtensa-esp-elf/bin/../lib/gcc/../../lib/gcc/xtensa-esp-elf/13.2.0/../../../../xtensa-esp-elf/include"]
  ignore line: [#include "..." search starts here:]
  ignore line: [#include <...> search starts here:]
  ignore line: [ /opt/esp/tools/xtensa-esp-elf/esp-13.2.0_20230928/xtensa-esp-elf/bin/../lib/gcc/xtensa-esp-elf/13.2.0/include]
  ignore line: [ /opt/esp/tools/xtensa-esp-elf/esp-13.2.0_20230928/xtensa-esp-elf/bin/../lib/gcc/xtensa-esp-elf/13.2.0/include-fixed]
  ignore line: [ /opt/esp/tools/xtensa-esp-elf/esp-13.2.0_20230928/xtensa-esp-elf/bin/../lib/gcc/xtensa-esp-elf/13.2.0/../../../../xtensa-esp-elf/sys-include]
  ignore line: [ /opt/esp/tools/xtensa-esp-elf/esp-13.2.0_20230928/xtensa-esp-elf/bin/../lib/gcc/xtensa-esp-elf/13.2.0/../../../../xtensa-esp-elf/include]
  ignore line: [End of search list.]
  ignore line: [Compiler executable checksum: 4539739640aaddb8d2d8a8b528c1da63]
  ignore line: [COLLECT_GCC_OPTIONS='-mdynconfig=xtensa_esp32s3.so' '-mlongcalls' '-fno-builtin-memcpy' '-fno-builtin-memset' '-fno-builtin-bzero' '-fno-builtin-stpcpy' '-fno-builtin-strncpy' '-v' '-o' 'CMakeFiles/cmTC_f5c12.dir/CMakeCCompilerABI.c.obj' '-c' '-dumpdir' 'CMakeFiles/cmTC_f5c12.dir/']
  ignore line: [ /opt/esp/tools/xtensa-esp-elf/esp-13.2.0_20230928/xtensa-esp-elf/bin/../lib/gcc/xtensa-esp-elf/13.2.0/../../../../xtensa-esp-elf/bin/as --traditional-format --longcalls --dynconfig=xtensa_esp32s3.so -o CMakeFiles/cmTC_f5c12.dir/CMakeCCompilerABI.c.obj /tmp/ccF735E6.s]
  ignore line: [COMPILER_PATH=/opt/esp/tools/xtensa-esp-elf/esp-13.2.0_20230928/xtensa-esp-elf/bin/../libexec/gcc/xtensa-esp-elf/13.2.0/:/opt/esp/tools/xtensa-esp-elf/esp-13.2.0_20230928/xtensa-esp-elf/bin/../libexec/gcc/:/opt/esp/tools/xtensa-esp-elf/esp-13.2.0_20230928/xtensa-esp-elf/bin/../lib/gcc/xtensa-esp-elf/13.2.0/../../../../xtensa-esp-elf/bin/]
  ignore line: [LIBRARY_PATH=/opt/esp/tools/xtensa-esp-elf/esp-13.2.0_20230928/xtensa-esp-elf/bin/../lib/gcc/xtensa-esp-elf/13.2.0/esp32s3/:/opt/esp/tools/xtensa-esp-elf/esp-13.2.0_20230928/xtensa-esp-elf/bin/../lib/gcc/xtensa-esp-elf/13.2.0/../../../../xtensa-esp-elf/lib/esp32s3/:/opt/esp/tools/xtensa-esp-elf/esp-13.2.0_20230928/xtensa-esp-elf/bin/../lib/gcc/xtensa-esp-elf/13.2.0/:/opt/esp/tools/xtensa-esp-elf/esp-13.2.0_20230928/xtensa-esp-elf/bin/../lib/gcc/:/opt/esp/tools/xtensa-esp-elf/esp-13.2.0_20230928/xtensa-esp-elf/bin/../lib/gcc/xtensa-esp-elf/13.2.0/../../../../xtensa-esp-elf/lib/]
  ignore line: [COLLECT_GCC_OPTIONS='-mdynconfig=xtensa_esp32s3.so' '-mlongcalls' '-fno-builtin-memcpy' '-fno-builtin-memset' '-fno-builtin-bzero' '-fno-builtin-stpcpy' '-fno-builtin-strncpy' '-v' '-o' 'CMakeFiles/cmTC_f5c12.dir/CMakeCCompilerABI.c.obj' '-c' '-dumpdir' 'CMakeFiles/cmTC_f5c12.dir/CMakeCCompilerABI.c.']
  ignore line: [[2/2] Linking C executable cmTC_f5c12]
  ignore line: [Using built-in specs.]
  ignore line: [COLLECT_GCC=/opt/esp/tools/xtensa-esp-elf/esp-13.2.0_20230928/xtensa-esp-elf/bin/xtensa-esp-elf-gcc]
  ignore line: [COLLECT_LTO_WRAPPER=/opt/esp/tools/xtensa-esp-elf/esp-13.2.0_20230928/xtensa-esp-elf/bin/../libexec/gcc/xtensa-esp-elf/13.2.0/lto-wrapper]
  ignore line: [Target: xtensa-esp-elf]
  ignore line: [Configured with: /builds/idf/crosstool-NG/.build/xtensa-esp-elf/src/gcc/configure --build=x86_64-build_pc-linux-gnu --host=x86_64-build_pc-linux-gnu --target=xtensa-esp-elf --prefix=/builds/idf/crosstool-NG/builds/xtensa-esp-elf --exec_prefix=/builds/idf/crosstool-NG/builds/xtensa-esp-elf --with-local-prefix=/builds/idf/crosstool-NG/builds/xtensa-esp-elf/xtensa-esp-elf --with-headers=/builds/idf/crosstool-NG/builds/xtensa-esp-elf/xtensa-esp-elf/include --with-newlib --enable-threads=no --disable-shared --with-pkgversion='crosstool-NG esp-13.2.0_20230928' --disable-__cxa_atexit --enable-cxx-flags=-ffunction-sections --disable-libgomp --disable-libmudflap --disable-libmpx --disable-libssp --disable-libquadmath --disable-libquadmath-support --disable-libstdcxx-verbose --with-gmp=/builds/idf/crosstool-NG/.build/xtensa-esp-elf/buildtools --with-mpfr=/builds/idf/crosstool-NG/.build/xtensa-esp-elf/buildtools --with-mpc=/builds/idf/crosstool-NG/.build/xtensa-esp-elf/buildtools --with-isl=/builds/idf/crosstool-NG/.build/xtensa-esp-elf/buildtools --enable-lto --enable-target-optspace --without-long-double-128 --disable-nls --enable-multiarch --enable-languages=c c++ --disable-libstdcxx-verbose --enable-threads=posix --enable-gcov-custom-rtio --enable-libstdcxx-time=yes]
  ignore line: [Thread model: posix]
  ignore line: [Supported LTO compression algorithms: zlib]
  ignore line: [gcc version 13.2.0 (crosstool-NG esp-13.2.0_20230928) ]
  ignore line: [COMPILER_PATH=/opt/esp/tools/xtensa-esp-elf/esp-13.2.0_20230928/xtensa-esp-elf/bin/../libexec/gcc/xtensa-esp-elf/13.2.0/:/opt/esp/tools/xtensa-esp-elf/esp-13.2.0_20230928/xtensa-esp-elf/bin/../libexec/gcc/:/opt/esp/tools/xtensa-esp-elf/esp-13.2.0_20230928/xtensa-esp-elf/bin/../lib/gcc/xtensa-esp-elf/13.2.0/../../../../xtensa-esp-elf/bin/]
  ignore line: [LIBRARY_PATH=/opt/esp/tools/xtensa-esp-elf/esp-13.2.0_20230928/xtensa-esp-elf/bin/../lib/gcc/xtensa-esp-elf/13.2.0/esp32s3/:/opt/esp/tools/xtensa-esp-elf/esp-13.2.0_20230928/xtensa-esp-elf/bin/../lib/gcc/xtensa-esp-elf/13.2.0/../../../../xtensa-esp-elf/lib/esp32s3/:/opt/esp/tools/xtensa-esp-elf/esp-13.2.0_20230928/xtensa-esp-elf/bin/../lib/gcc/xtensa-esp-elf/13.2.0/:/opt/esp/tools/xtensa-esp-elf/esp-13.2.0_20230928/xtensa-esp-elf/bin/../lib/gcc/:/opt/esp/tools/xtensa-esp-elf/esp-13.2.0_20230928/xtensa-esp-elf/bin/../lib/gcc/xtensa-esp-elf/13.2.0/../../../../xtensa-esp-elf/lib/]
  ignore line: [COLLECT_GCC_OPTIONS='-mdynconfig=xtensa_esp32s3.so' '-mlongcalls' '-fno-builtin-memcpy' '-fno-builtin-memset' '-fno-builtin-bzero' '-fno-builtin-stpcpy' '-fno-builtin-strncpy' '-v' '-o' 'cmTC_f5c12' '-dumpdir' 'cmTC_f5c12.']
  link line: [ /opt/esp/tools/xtensa-esp-elf/esp-13.2.0_20230928/xtensa-esp-elf/bin/../libexec/gcc/xtensa-esp-elf/13.2.0/collect2 -plugin /opt/esp/tools/xtensa-esp-elf/esp-13.2.0_20230928/xtensa-esp-elf/bin/../libexec/gcc/xtensa-esp-elf/13.2.0/liblto_plugin.so -plugin-opt=/opt/esp/tools/xtensa-esp-elf/esp-13.2.0_20230928/xtensa-esp-elf/bin/../libexec/gcc/xtensa-esp-elf/13.2.0/lto-wrapper -plugin-opt=-fresolution=/tmp/ccqG2fxZ.res -plugin-opt=-pass-through=-lgcc -plugin-opt=-pass-through=-lc -plugin-opt=-pass-through=-lnosys -plugin-opt=-pass-through=-lc -plugin-opt=-pass-through=-lgcc --dynconfig=xtensa_esp32s3.so -o cmTC_f5c12 /opt/esp/tools/xtensa-esp-elf/esp-13.2.0_20230928/xtensa-esp-elf/bin/../lib/gcc/xtensa-esp-elf/13.2.0/../../../../xtensa-esp-elf/lib/esp32s3/crt0.o /opt/esp/tools/xtensa-esp-elf/esp-13.2.0_20230928/xtensa-esp-elf/bin/../lib/gcc/xtensa-esp-elf/13.2.0/esp32s3/crti.o /opt/esp/tools/xtensa-esp-elf/esp-13.2.0_20230928/xtensa-esp-elf/bin/../lib/gcc/xtensa-esp-elf/13.2.0/esp32s3/crtbegin.o -L/opt/esp/tools/xtensa-esp-elf/esp-13.2.0_20230928/xtensa-esp-elf/bin/../lib/gcc/xtensa-esp-elf/13.2.0/esp32s3 -L/opt/esp/tools/xtensa-esp-elf/esp-13.2.0_20230928/xtensa-esp-elf/bin/../lib/gcc/xtensa-esp-elf/13.2.0/../../../../xtensa-esp-elf/lib/esp32s3 -L/opt/esp/tools/xtensa-esp-elf/esp-13.2.0_20230928/xtensa-esp-elf/bin/../lib/gcc/xtensa-esp-elf/13.2.0 -L/opt/esp/tools/xtensa-esp-elf/esp-13.2.0_20230928/xtensa-esp-elf/bin/../lib/gcc -L/opt/esp/tools/xtensa-esp-elf/esp-13.2.0_20230928/xtensa-esp-elf/bin/../lib/gcc/xtensa-esp-elf/13.2.0/../../../../xtensa-esp-elf/lib CMakeFiles/cmTC_f5c12.dir/CMakeCCompilerABI.c.obj -lgcc -lc -lnosys -lc -lgcc /opt/esp/tools/xtensa-esp-elf/esp-13.2.0_20230928/xtensa-esp-elf/bin/../lib/gcc/xtensa-esp-elf/13.2.0/esp32s3/crtend.o /opt/esp/tools/xtensa-esp-elf/esp-13.2.0_20230928/xtensa-esp-elf/bin/../lib/gcc/xtensa-esp-elf/13.2.0/esp32s3/crtn.o]
    arg [/opt/esp/tools/xtensa-esp-elf/esp-13.2.0_20230928/xtensa-esp-elf/bin/../libexec/gcc/xtensa-esp-elf/13.2.0/collect2] ==> ignore
    arg [-plugin] ==> ignore
    arg [/opt/esp/tools/xtensa-esp-elf/esp-13.2.0_20230928/xtensa-esp-elf/bin/../libexec/gcc/xtensa-esp-elf/13.2.0/liblto_plugin.so] ==> ignore
    arg [-plugin-opt=/opt/esp/tools/xtensa-esp-elf/esp-13.2.0_20230928/xtensa-esp-elf/bin/../libexec/gcc/xtensa-esp-elf/13.2.0/lto-wrapper] ==> ignore
    arg [-plugin-opt=-fresolution=/tmp/ccqG2fxZ.res] ==> ignore
    arg [-plugin-opt=-pass-through=-lgcc] ==> ignore
    arg [-plugin-opt=-pass-through=-lc] ==> ignore
    arg [-plugin-opt=-pass-through=-lnosys] ==> ignore
    arg [-plugin-opt=-pass-through=-lc] ==> ignore
    arg [-plugin-opt=-pass-through=-lgcc] ==> ignore
    arg [--dynconfig=xtensa_esp32s3.so] ==> ignore
    arg [-o] ==> ignore
    arg [cmTC_f5c12] ==> ignore
    arg [/opt/esp/tools/xtensa-esp-elf/esp-13.2.0_20230928/xtensa-esp-elf/bin/../lib/gcc/xtensa-esp-elf/13.2.0/../../../../xtensa-esp-elf/lib/esp32s3/crt0.o] ==> obj [/opt/esp/tools/xtensa-esp-elf/esp-13.2.0_20230928/xtensa-esp-elf/bin/../lib/gcc/xtensa-esp-elf/13.2.0/../../../../xtensa-esp-elf/lib/esp32s3/crt0.o]
    arg [/opt/esp/tools/xtensa-esp-elf/esp-13.2.0_20230928/xtensa-esp-elf/bin/../lib/gcc/xtensa-esp-elf/13.2.0/esp32s3/crti.o] ==> obj [/opt/esp/tools/xtensa-esp-elf/esp-13.2.0_20230928/xtensa-esp-elf/bin/../lib/gcc/xtensa-esp-elf/13.2.0/esp32s3/crti.o]
    arg [/opt/esp/tools/xtensa-esp-elf/esp-13.2.0_20230928/xtensa-esp-elf/bin/../lib/gcc/xtensa-esp-elf/13.2.0/esp32s3/crtbegin.o] ==> obj [/opt/esp/tools/xtensa-esp-elf/esp-13.2.0_20230928/xtensa-esp-elf/bin/../lib/gcc/xtensa-esp-elf/13.2.0/esp32s3/crtbegin.o]
    arg [-L/opt/esp/tools/xtensa-esp-elf/esp-13.2.0_20230928/xtensa-esp-elf/bin/../lib/gcc/xtensa-esp-elf/13.2.0/esp32s3] ==> dir [/opt/esp/tools/xtensa-esp-elf/esp-13.2.0_20230928/xtensa-esp-elf/bin/../lib/gcc/xtensa-esp-elf/13.2.0/esp32s3]
    arg [-L/opt/esp/tools/xtensa-esp-elf/esp-13.2.0_20230928/xtensa-esp-elf/bin/../lib/gcc/xtensa-esp-elf/13.2.0/../../../../xtensa-esp-elf/lib/esp32s3] ==> dir [/opt/esp/tools/xtensa-esp-elf/esp-13.2.0_20230928/xtensa-esp-elf/bin/../lib/gcc/xtensa-esp-elf/13.2.0/../../../../xtensa-esp-elf/lib/esp32s3]
    arg [-L/opt/esp/tools/xtensa-esp-elf/esp-13.2.0_20230928/xtensa-esp-elf/bin/../lib/gcc/xtensa-esp-elf/13.2.0] ==> dir [/opt/esp/tools/xtensa-esp-elf/esp-13.2.0_20230928/xtensa-esp-elf/bin/../lib/gcc/xtensa-esp-elf/13.2.0]
    arg [-L/opt/esp/tools/xtensa-esp-elf/esp-13.2.0_20230928/xtensa-esp-elf/bin/../lib/gcc] ==> dir [/opt/esp/tools/xtensa-esp-elf/esp-13.2.0_20230928/xtensa-esp-elf/bin/../lib/gcc]
    arg [-L/opt/esp/tools/xtensa-esp-elf/esp-13.2.0_20230928/xtensa-esp-elf/bin/../lib/gcc/xtensa-esp-elf/13.2.0/../../../../xtensa-esp-elf/lib] ==> dir [/opt/esp/tools/xtensa-esp-elf/esp-13.2.0_20230928/xtensa-esp-elf/bin/../lib/gcc/xtensa-esp-elf/13.2.0/../../../../xtensa-esp-elf/lib]
    arg [CMakeFiles/cmTC_f5c12.dir/CMakeCCompilerABI.c.obj] ==> ignore
    arg [-lgcc] ==> lib [gcc]
    arg [-lc] ==> lib [c]
    arg [-lnosys] ==> lib [nosys]
    arg [-lc] ==> lib [c]
    arg [-lgcc] ==> lib [gcc]
    arg [/opt/esp/tools/xtensa-esp-elf/esp-13.2.0_20230928/xtensa-esp-elf/bin/../lib/gcc/xtensa-esp-elf/13.2.0/esp32s3/crtend.o] ==> obj [/opt/esp/tools/xtensa-esp-elf/esp-13.2.0_20230928/xtensa-esp-elf/bin/../lib/gcc/xtensa-esp-elf/13.2.0/esp32s3/crtend.o]
    arg [/opt/esp/tools/xtensa-esp-elf/esp-13.2.0_20230928/xtensa-esp-elf/bin/../lib/gcc/xtensa-esp-elf/13.2.0/esp32s3/crtn.o] ==> obj [/opt/esp/tools/xtensa-esp-elf/esp-13.2.0_20230928/xtensa-esp-elf/bin/../lib/gcc/xtensa-esp-elf/13.2.0/esp32s3/crtn.o]
  collapse obj [/opt/esp/tools/xtensa-esp-elf/esp-13.2.0_20230928/xtensa-esp-elf/bin/../lib/gcc/xtensa-esp-elf/13.2.0/../../../../xtensa-esp-elf/lib/esp32s3/crt0.o] ==> [/opt/esp/tools/xtensa-esp-elf/esp-13.2.0_20230928/xtensa-esp-elf/xtensa-esp-elf/lib/esp32s3/crt0.o]
  collapse obj [/opt/esp/tools/xtensa-esp-elf/esp-13.2.0_20230928/xtensa-esp-elf/bin/../lib/gcc/xtensa-esp-elf/13.2.0/esp32s3/crti.o] ==> [/opt/esp/tools/xtensa-esp-elf/esp-13.2.0_20230928/xtensa-esp-elf/lib/gcc/xtensa-esp-elf/13.2.0/esp32s3/crti.o]
  collapse obj [/opt/esp/tools/xtensa-esp-elf/esp-13.2.0_20230928/xtensa-esp-elf/bin/../lib/gcc/xtensa-esp-elf/13.2.0/esp32s3/crtbegin.o] ==> [/opt/esp/tools/xtensa-esp-elf/esp-13.2.0_20230928/xtensa-esp-elf/lib/gcc/xtensa-esp-elf/13.2.0/esp32s3/crtbegin.o]
  collapse obj [/opt/esp/tools/xtensa-esp-elf/esp-13.2.0_20230928/xtensa-esp-elf/bin/../lib/gcc/xtensa-esp-elf/13.2.0/esp32s3/crtend.o] ==> [/opt/esp/tools/xtensa-esp-elf/esp-13.2.0_20230928/xtensa-esp-elf/lib/gcc/xtensa-esp-elf/13.2.0/esp32s3/crtend.o]
  collapse obj [/opt/esp/tools/xtensa-esp-elf/esp-13.2.0_20230928/xtensa-esp-elf/bin/../lib/gcc/xtensa-esp-elf/13.2.0/esp32s3/crtn.o] ==> [/opt/esp/tools/xtensa-esp-elf/esp-13.2.0_20230928/xtensa-esp-elf/lib/gcc/xtensa-esp-elf/13.2.0/esp32s3/crtn.o]
  collapse library dir [/opt/esp/tools/xtensa-esp-elf/esp-13.2.0_20230928/xtensa-esp-elf/bin/../lib/gcc/xtensa-esp-elf/13.2.0/esp32s3] ==> [/opt/esp/tools/xtensa-esp-elf/esp-13.2.0_20230928/xtensa-esp-elf/lib/gcc/xtensa-esp-elf/13.2.0/esp32s3]
  collapse library dir [/opt/esp/tools/xtensa-esp-elf/esp-13.2.0_20230928/xtensa-esp-elf/bin/../lib/gcc/xtensa-esp-elf/13.2.0/../../../../xtensa-esp-elf/lib/esp32s3] ==> [/opt/esp/tools/xtensa-esp-elf/esp-13.2.0_20230928/xtensa-esp-elf/xtensa-esp-elf/lib/esp32s3]
  collapse library dir [/opt/esp/tools/xtensa-esp-elf/esp-13.2.0_20230928/xtensa-esp-elf/bin/../lib/gcc/xtensa-esp-elf/13.2.0] ==> [/opt/esp/tools/xtensa-esp-elf/esp-13.2.0_20230928/xtensa-esp-elf/lib/gcc/xtensa-esp-elf/13.2.0]
  collapse library dir [/opt/esp/tools/xtensa-esp-elf/esp-13.2.0_20230928/xtensa-esp-elf/bin/../lib/gcc] ==> [/opt/esp/tools/xtensa-esp-elf/esp-13.2.0_20230928/xtensa-esp-elf/lib/gcc]
  collapse library dir [/opt/esp/tools/xtensa-esp-elf/esp-13.2.0_20230928/xtensa-esp-elf/bin/../lib/gcc/xtensa-esp-elf/13.2.0/../../../../xtensa-esp-elf/lib] ==> [/opt/esp/tools/xtensa-esp-elf/esp-13.2.0_20230928/xtensa-esp-elf/xtensa-esp-elf/lib]
  implicit libs: [gcc;c;nosys;c;gcc]
  implicit objs: [/opt/esp/tools/xtensa-esp-elf/esp-13.2.0_20230928/xtensa-esp-elf/xtensa-esp-elf/lib/esp32s3/crt0.o;/opt/esp/tools/xtensa-esp-elf/esp-13.2.0_20230928/xtensa-esp-elf/lib/gcc/xtensa-esp-elf/13.2.0/esp32s3/crti.o;/opt/esp/tools/xtensa-esp-elf/esp-13.2.0_20230928/xtensa-esp-elf/lib/gcc/xtensa-esp-elf/13.2.0/esp32s3/crtbegin.o;/opt/esp/tools/xtensa-esp-elf/esp-13.2.0_20230928/xtensa-esp-elf/lib/gcc/xtensa-esp-elf/13.2.0/esp32s3/crtend.o;/opt/esp/tools/xtensa-esp-elf/esp-13.2.0_20230928/xtensa-esp-elf/lib/gcc/xtensa-esp-elf/13.2.0/esp32s3/crtn.o]
  implicit dirs: [/opt/esp/tools/xtensa-esp-elf/esp-13.2.0_20230928/xtensa-esp-elf/lib/gcc/xtensa-esp-elf/13.2.0/esp32s3;/opt/esp/tools/xtensa-esp-elf/esp-13.2.0_20230928/xtensa-esp-elf/xtensa-esp-elf/lib/esp32s3;/opt/esp/tools/xtensa-esp-elf/esp-13.2.0_20230928/xtensa-esp-elf/lib/gcc/xtensa-esp-elf/13.2.0;/opt/esp/tools/xtensa-esp-elf/esp-13.2.0_20230928/xtensa-esp-elf/lib/gcc;/opt/esp/tools/xtensa-esp-elf/esp-13.2.0_20230928/xtensa-esp-elf/xtensa-esp-elf/lib]
  implicit fwks: []


Detecting CXX compiler ABI info compiled with the following output:
Change Dir: /project/build/CMakeFiles/CMakeTmp

Run Build Command(s):/usr/bin/ninja cmTC_5beff && [1/2] Building CXX object CMakeFiles/cmTC_5beff.dir/CMakeCXXCompilerABI.cpp.obj
Using built-in specs.
COLLECT_GCC=/opt/esp/tools/xtensa-esp-elf/esp-13.2.0_20230928/xtensa-esp-elf/bin/xtensa-esp-elf-g++
Target: xtensa-esp-elf
Configured with: /builds/idf/crosstool-NG/.build/xtensa-esp-elf/src/gcc/configure --build=x86_64-build_pc-linux-gnu --host=x86_64-build_pc-linux-gnu --target=xtensa-esp-elf --prefix=/builds/idf/crosstool-NG/builds/xtensa-esp-elf --exec_prefix=/builds/idf/crosstool-NG/builds/xtensa-esp-elf --with-local-prefix=/builds/idf/crosstool-NG/builds/xtensa-esp-elf/xtensa-esp-elf --with-headers=/builds/idf/crosstool-NG/builds/xtensa-esp-elf/xtensa-esp-elf/include --with-newlib --enable-threads=no --disable-shared --with-pkgversion='crosstool-NG esp-13.2.0_20230928' --disable-__cxa_atexit --enable-cxx-flags=-ffunction-sections --disable-libgomp --disable-libmudflap --disable-libmpx --disable-libssp --disable-libquadmath --disable-libquadmath-support --disable-libstdcxx-verbose --with-gmp=/builds/idf/crosstool-NG/.build/xtensa-esp-elf/buildtools --with-mpfr=/builds/idf/crosstool-NG/.build/xtensa-esp-elf/buildtools --with-mpc=/builds/idf/crosstool-NG/.build/xtensa-esp-elf/buildtools --with-isl=/builds/idf/crosstool-NG/.build/xtensa-esp-elf/buildtools --enable-lto --enable-target-optspace --without-long-double-128 --disable-nls --enable-multiarch --enable-languages=c,c++ --disable-libstdcxx-verbose --enable-threads=posix --enable-gcov-custom-rtio --enable-libstdcxx-time=yes
Thread model: posix
Supported LTO compression algorithms: zlib
gcc version 13.2.0 (crosstool-NG esp-13.2.0_20230928) 
COLLECT_GCC_OPTIONS='-mdynconfig=xtensa_esp32s3.so' '-mlongcalls' '-fno-builtin-memcpy' '-fno-builtin-memset' '-fno-builtin-bzero' '-fno-builtin-stpcpy' '-fno-builtin-strncpy' '-v' '-o' 'CMakeFiles/cmTC_5beff.dir/CMakeCXXCompilerABI.cpp.obj' '-c' '-dumpdir' 'CMakeFiles/cmTC_5beff.dir/'
 /opt/esp/tools/xtensa-esp-elf/esp-13.2.0_20230928/xtensa-esp-elf/bin/../libexec/gcc/xtensa-esp-elf/13.2.0/cc1plus -quiet -v -imultilib esp32s3 -iprefix /opt/esp/tools/xtensa-esp-elf/esp-13.2.0_20230928/xtensa-esp-elf/bin/../lib/gcc/xtensa-esp-elf/13.2.0/ /opt/esp/tools/cmake/3.24.0/share/cmake-3.24/Modules/CMakeCXXCompilerABI.cpp -quiet -dumpdir CMakeFiles/cmTC_5beff.dir/ -dumpbase CMakeCXXCompilerABI.cpp.cpp -dumpbase-ext .cpp -mdynconfig=xtensa_esp32s3.so -mlongcalls -version -fno-builtin-memcpy -fno-builtin-memset -fno-builtin-bzero -fno-builtin-stpcpy -fno-builtin-strncpy -o /tmp/ccOatUxO.s
GNU C++17 (crosstool-NG esp-13.2.0_20230928) version 13.2.0 (xtensa-esp-elf)
	compiled by GNU C version 4.9.2, GMP version 6.2.1, MPFR version 4.1.0, MPC version 1.2.1, isl version isl-0.24-GMP

GGC heuristics: --param ggc-min-expand=100 --param ggc-min-heapsize=131072
ignoring duplicate directory "/opt/esp/tools/xtensa-esp-elf/esp-13.2.0_20230928/xtensa-esp-elf/bin/../lib/gcc/../../lib/gcc/xtensa-esp-elf/13.2.0/../../../../xtensa-esp-elf/include/c++/13.2.0"
ignoring duplicate directory "/opt/esp/tools/xtensa-esp-elf/esp-13.2.0_20230928/xtensa-esp-elf/bin/../lib/gcc/../../lib/gcc/xtensa-esp-elf/13.2.0/../../../../xtensa-esp-elf/include/c++/13.2.0/xtensa-esp-elf/esp32s3"
ignoring duplicate directory "/opt/esp/tools/xtensa-esp-elf/esp-13.2.0_20230928/xtensa-esp-elf/bin/../lib/gcc/../../lib/gcc/xtensa-esp-elf/13.2.0/../../../../xtensa-esp-elf/include/c++/13.2.0/backward"
ignoring duplicate directory "/opt/esp/tools/xtensa-esp-elf/esp-13.2.0_20230928/xtensa-esp-elf/bin/../lib/gcc/../../lib/gcc/xtensa-esp-elf/13.2.0/include"
ignoring duplicate directory "/opt/esp/tools/xtensa-esp-elf/esp-13.2.0_20230928/xtensa-esp-elf/bin/../lib/gcc/../../lib/gcc/xtensa-esp-elf/13.2.0/include-fixed"
ignoring duplicate directory "/opt/esp/tools/xtensa-esp-elf/esp-13.2.0_20230928/xtensa-esp-elf/bin/../lib/gcc/../../lib/gcc/xtensa-esp-elf/13.2.0/../../../../xtensa-esp-elf/sys-include"
ignoring duplicate directory "/opt/esp/tools/xtensa-esp-elf/esp-13.2.0_20230928/xtensa-esp-elf/bin/../lib/gcc/../../lib/gcc/xtensa-esp-elf/13.2.0/../../../../xtensa-esp-elf/include"
#include "..." search starts here:
#include <...> search starts here:
 /opt/esp/tools/xtensa-esp-elf/esp-13.2.0_20230928/xtensa-esp-elf/bin/../lib/gcc/xtensa-esp-elf/13.2.0/../../../../xtensa-esp-elf/include/c++/13.2.0
 /opt/esp/tools/xtensa-esp-elf/esp-13.2.0_20230928/xtensa-esp-elf/bin/../lib/gcc/xtensa-esp-elf/13.2.0/../../../../xtensa-esp-elf/include/c++/13.2.0/xtensa-esp-elf/esp32s3
 /opt/esp/tools/xtensa-esp-elf/esp-13.2.0_20230928/xtensa-esp-elf/bin/../lib/gcc/xtensa-esp-elf/13.2.0/../../../../xtensa-esp-elf/include/c++/13.2.0/backward
 /opt/esp/tools/xtensa-esp-elf/esp-13.2.0_20230928/xtensa-esp-elf/bin/../lib/gcc/xtensa-esp-elf/13.2.0/include
 /opt/esp/tools/xtensa-esp-elf/esp-13.2.0_20230928/xtensa-esp-elf/bin/../lib/gcc/xtensa-esp-elf/13.2.0/include-fixed
 /opt/esp/tools/xtensa-esp-elf/esp-13.2.0_20230928/xtensa-esp-elf/bin/../lib/gcc/xtensa-esp-elf/13.2.0/../../../../xtensa-esp-elf/sys-include
 /opt/esp/tools/xtensa-esp-elf/esp-13.2.0_20230928/xtensa-esp-elf/bin/../lib/gcc/xtensa-esp-elf/13.2.0/../../../../xtensa-esp-elf/include
End of search list.
Compiler executable checksum: a028436f3bbddb46fb1c3c82b1060db5
COLLECT_GCC_OPTIONS='-mdynconfig=xtensa_esp32s3.so' '-mlongcalls' '-fno-builtin-memcpy' '-fno-builtin-memset' '-fno-builtin-bzero' '-fno-builtin-stpcpy' '-fno-builtin-strncpy' '-v' '-o' 'CMakeFiles/cmTC_5beff.dir/CMakeCXXCompilerABI.cpp.obj' '-c' '-dumpdir' 'CMakeFiles/cmTC_5beff.dir/'
 /opt/esp/tools/xtensa-esp-elf/esp-13.2.0_20230928/xtensa-esp-elf/bin/../lib/gcc/xtensa-esp-elf/13.2.0/../../../../xtensa-esp-elf/bin/as --traditional-format --longcalls --dynconfig=xtensa_esp32s3.so -o CMakeFiles/cmTC_5beff.dir/CMakeCXXCompilerABI.cpp.obj /tmp/ccOatUxO.s
COMPILER_PATH=/opt/esp/tools/xtensa-esp-elf/esp-13.2.0_20230928/xtensa-esp-elf/bin/../libexec/gcc/xtensa-esp-elf/13.2.0/:/opt/esp/tools/xtensa-esp-elf/esp-13.2.0_20230928/xtensa-esp-elf/bin/../libexec/gcc/:/opt/esp/tools/xtensa-esp-elf/esp-13.2.0_20230928/xtensa-esp-elf/bin/../lib/gcc/xtensa-esp-elf/13.2.0/../../../../xtensa-esp-elf/bin/
LIBRARY_PATH=/opt/esp/tools/xtensa-esp-elf/esp-13.2.0_20230928/xtensa-esp-elf/bin/../lib/gcc/xtensa-esp-elf/13.2.0/esp32s3/:/opt/esp/tools/xtensa-esp-elf/esp-13.2.0_20230928/xtensa-esp-elf/bin/../lib/gcc/xtensa-esp-elf/13.2.0/../../../../xtensa-esp-elf/lib/esp32s3/:/opt/esp/tools/xtensa-esp-elf/esp-13.2.0_20230928/xtensa-esp-elf/bin/../lib/gcc/xtensa-esp-elf/13.2.0/:/opt/esp/tools/xtensa-esp-elf/esp-13.2.0_20230928/xtensa-esp-elf/bin/../lib/gcc/:/opt/esp/tools/xtensa-esp-elf/esp-13.2.0_20230928/xtensa-esp-elf/bin/../lib/gcc/xtensa-esp-elf/13.2.0/../../../../xtensa-esp-elf/lib/
COLLECT_GCC_OPTIONS='-mdynconfig=xtensa_esp32s3.so' '-mlongcalls' '-fno-builtin-memcpy' '-fno-builtin-memset' '-fno-builtin-bzero' '-fno-builtin-stpcpy' '-fno-builtin-strncpy' '-v' '-o' 'CMakeFiles/cmTC_5beff.dir/CMakeCXXCompilerABI.cpp.obj' '-c' '-dumpdir' 'CMakeFiles/cmTC_5beff.dir/CMakeCXXCompilerABI.cpp.'
[2/2] Linking CXX executable cmTC_5beff
Using built-in specs.
COLLECT_GCC=/opt/esp/tools/xtensa-esp-elf/esp-13.2.0_20230928/xtensa-esp-elf/bin/xtensa-esp-elf-g++
COLLECT_LTO_WRAPPER=/opt/esp/tools/xtensa-esp-elf/esp-13.2.0_20230928/xtensa-esp-elf/bin/../libexec/gcc/xtensa-esp-elf/13.2.0/lto-wrapper
Target: xtensa-esp-elf
Configured with: /builds/idf/crosstool-NG/.build/xtensa-esp-elf/src/gcc/configure --build=x86_64-build_pc-linux-gnu --host=x86_64-build_pc-linux-gnu --target=xtensa-esp-elf --prefix=/builds/idf/crosstool-NG/builds/xtensa-esp-elf --exec_prefix=/builds/idf/crosstool-NG/builds/xtensa-esp-elf --with-local-prefix=/builds/idf/crosstool-NG/builds/xtensa-esp-elf/xtensa-esp-elf --with-headers=/builds/idf/crosstool-NG/builds/xtensa-esp-elf/xtensa-esp-elf/include --with-newlib --enable-threads=no --disable-shared --with-pkgversion='crosstool-NG esp-13.2.0_20230928' --disable-__cxa_atexit --enable-cxx-flags=-ffunction-sections --disable-libgomp --disable-libmudflap --disable-libmpx --disable-libssp --disable-libquadmath --disable-libquadmath-support --disable-libstdcxx-verbose --with-gmp=/builds/idf/crosstool-NG/.build/xtensa-esp-elf/buildtools --with-mpfr=/builds/idf/crosstool-NG/.build/xtensa-esp-elf/buildtools --with-mpc=/builds/idf/crosstool-NG/.build/xtensa-esp-elf/buildtools --with-isl=/builds/idf/crosstool-NG/.build/xtensa-esp-elf/buildtools --enable-lto --enable-target-optspace --without-long-double-128 --disable-nls --enable-multiarch --enable-languages=c,c++ --disable-libstdcxx-verbose --enable-threads=posix --enable-gcov-custom-rtio --enable-libstdcxx-time=yes
Thread model: posix
Supported LTO compression algorithms: zlib
gcc version 13.2.0 (crosstool-NG esp-13.2.0_20230928) 
COMPILER_PATH=/opt/esp/tools/xtensa-esp-elf/esp-13.2.0_20230928/xtensa-esp-elf/bin/../libexec/gcc/xtensa-esp-elf/13.2.0/:/opt/esp/tools/xtensa-esp-elf/esp-13.2.0_20230928/xtensa-esp-elf/bin/../libexec/gcc/:/opt/esp/tools/xtensa-esp-elf/esp-13.2.0_20230928/xtensa-esp-elf/bin/../lib/gcc/xtensa-esp-elf/13.2.0/../../../../xtensa-esp-elf/bin/
LIBRARY_PATH=/opt/esp/tools/xtensa-esp-elf/esp-13.2.0_20230928/xtensa-esp-elf/bin/../lib/gcc/xtensa-esp-elf/13.2.0/esp32s3/:/opt/esp/tools/xtensa-esp-elf/esp-13.2.0_20230928/xtensa-esp-elf/bin/../lib/gcc/xtensa-esp-elf/13.2.0/../../../../xtensa-esp-elf/lib/esp32s3/:/opt/esp/tools/xtensa-esp-elf/esp-13.2.0_20230928/xtensa-esp-elf/bin/../lib/gcc/xtensa-esp-elf/13.2.0/:/opt/esp/tools/xtensa-esp-elf/esp-13.2.0_20230928/xtensa-esp-elf/bin/../lib/gcc/:/opt/esp/tools/xtensa-esp-elf/esp-13.2.0_20230928/xtensa-esp-elf/bin/../lib/gcc/xtensa-esp-elf/13.2.0/../../../../xtensa-esp-elf/lib/
COLLECT_GCC_OPTIONS='-mdynconfig=xtensa_esp32s3.so' '-mlongcalls' '-fno-builtin-memcpy' '-fno-builtin-memset' '-fno-builtin-bzero' '-fno-builtin-stpcpy' '-fno-builtin-strncpy' '-v' '-o' 'cmTC_5beff' '-dumpdir' 'cmTC_5beff.'
 /opt/esp/tools/xtensa-esp-elf/esp-13.2.0_20230928/xtensa-esp-elf/bin/../libexec/gcc/xtensa-esp-elf/13.2.0/collect2 -plugin /opt/esp/tools/xtensa-esp-elf/esp-13.2.0_20230928/xtensa-esp-elf/bin/../libexec/gcc/xtensa-esp-elf/13.2.0/liblto_plugin.so -plugin-opt=/opt/esp/tools/xtensa-esp-elf/esp-13.2.0_20230928/xtensa-esp-elf/bin/../libexec/gcc/xtensa-esp-elf/13.2.0/lto-wrapper -plugin-opt=-fresolution=/tmp/ccwsch4x.res -plugin-opt=-pass-through=-lgcc -plugin-opt=-pass-through=-lc -plugin-opt=-pass-through=-lnosys -plugin-opt=-pass-through=-lc -plugin-opt=-pass-through=-lgcc --dynconfig=xtensa_esp32s3.so -o cmTC_5beff /opt/esp/tools/xtensa-esp-elf/esp-13.2.0_20230928/xtensa-esp-elf/bin/../lib/gcc/xtensa-esp-elf/13.2.0/../../../../xtensa-esp-elf/lib/esp32s3/crt0.o /opt/esp/tools/xtensa-esp-elf/esp-13.2.0_20230928/xtensa-esp-elf/bin/../lib/gcc/xtensa-esp-elf/13.2.0/esp32s3/crti.o /opt/esp/tools/xtensa-esp-elf/esp-13.2.0_20230928/xtensa-esp-elf/bin/../lib/gcc/xtensa-esp-elf/13.2.0/esp32s3/crtbegin.o -L/opt/esp/tools/xtensa-esp-elf/esp-13.2.0_20230928/xtensa-esp-elf/bin/../lib/gcc/xtensa-esp-elf/13.2.0/esp32s3 -L/opt/esp/tools/xtensa-esp-elf/esp-13.2.0_20230928/xtensa-esp-elf/bin/../lib/gcc/xtensa-esp-elf/13.2.0/../../../../xtensa-esp-elf/lib/esp32s3 -L/opt/esp/tools/xtensa-esp-elf/esp-13.2.0_20230928/xtensa-esp-elf/bin/../lib/gcc/xtensa-esp-elf/13.2.0 -L/opt/esp/tools/xtensa-esp-elf/esp-13.2.0_20230928/xtensa-esp-elf/bin/../lib/gcc -L/opt/esp/tools/xtensa-esp-elf/esp-13.2.0_20230928/xtensa-esp-elf/bin/../lib/gcc/xtensa-esp-elf/13.2.0/../../../../xtensa-esp-elf/lib CMakeFiles/cmTC_5beff.dir/CMakeCXXCompilerABI.cpp.obj -lstdc++ -lm -lgcc -lc -lnosys -lc -lgcc /opt/esp/tools/xtensa-esp-elf/esp-13.2.0_20230928/xtensa-esp-elf/bin/../lib/gcc/xtensa-esp-elf/13.2.0/esp32s3/crtend.o /opt/esp/tools/xtensa-esp-elf/esp-13.2.0_20230928/xtensa-esp-elf/bin/../lib/gcc/xtensa-esp-elf/13.2.0/esp32s3/crtn.o
COLLECT_GCC_OPTIONS='-mdynconfig=xtensa_esp32s3.so' '-mlongcalls' '-fno-builtin-memcpy' '-fno-builtin-memset' '-fno-builtin-bzero' '-fno-builtin-stpcpy' '-fno-builtin-strncpy' '-v' '-o' 'cmTC_5beff' '-dumpdir' 'cmTC_5beff.'



Parsed CXX implicit include dir info from above output: rv=done
  found start of include info
  found start of implicit include info
    add: [/opt/esp/tools/xtensa-esp-elf/esp-13.2.0_20230928/xtensa-esp-elf/bin/../lib/gcc/xtensa-esp-elf/13.2.0/../../../../xtensa-esp-elf/include/c++/13.2.0]
    add: [/opt/esp/tools/xtensa-esp-elf/esp-13.2.0_20230928/xtensa-esp-elf/bin/../lib/gcc/xtensa-esp-elf/13.2.0/../../../../xtensa-esp-elf/include/c++/13.2.0/xtensa-esp-elf/esp32s3]
    add: [/opt/esp/tools/xtensa-esp-elf/esp-13.2.0_20230928/xtensa-esp-elf/bin/../lib/gcc/xtensa-esp-elf/13.2.0/../../../../xtensa-esp-elf/include/c++/13.2.0/backward]
    add: [/opt/esp/tools/xtensa-esp-elf/esp-13.2.0_20230928/xtensa-esp-elf/bin/../lib/gcc/xtensa-esp-elf/13.2.0/include]
    add: [/opt/esp/tools/xtensa-esp-elf/esp-13.2.0_20230928/xtensa-esp-elf/bin/../lib/gcc/xtensa-esp-elf/13.2.0/include-fixed]
    add: [/opt/esp/tools/xtensa-esp-elf/esp-13.2.0_20230928/xtensa-esp-elf/bin/../lib/gcc/xtensa-esp-elf/13.2.0/../../../../xtensa-esp-elf/sys-include]
    add: [/opt/esp/tools/xtensa-esp-elf/esp-13.2.0_20230928/xtensa-esp-elf/bin/../lib/gcc/xtensa-esp-elf/13.2.0/../../../../xtensa-esp-elf/include]
  end of search list found
  collapse include dir [/opt/esp/tools/xtensa-esp-elf/esp-13.2.0_20230928/xtensa-esp-elf/bin/../lib/gcc/xtensa-esp-elf/13.2.0/../../../../xtensa-esp-elf/include/c++/13.2.0] ==> [/opt/esp/tools/xtensa-esp-elf/esp-13.2.0_20230928/xtensa-esp-elf/xtensa-esp-elf/include/c++/13.2.0]
  collapse include dir [/opt/esp/tools/xtensa-esp-elf/esp-13.2.0_20230928/xtensa-esp-elf/bin/../lib/gcc/xtensa-esp-elf/13.2.0/../../../../xtensa-esp-elf/include/c++/13.2.0/xtensa-esp-elf/esp32s3] ==> [/opt/esp/tools/xtensa-esp-elf/esp-13.2.0_20230928/xtensa-esp-elf/xtensa-esp-elf/include/c++/13.2.0/xtensa-esp-elf/esp32s3]
  collapse include dir [/opt/esp/tools/xtensa-esp-elf/esp-13.2.0_20230928/xtensa-esp-elf/bin/../lib/gcc/xtensa-esp-elf/13.2.0/../../../../xtensa-esp-elf/include/c++/13.2.0/backward] ==> [/opt/esp/tools/xtensa-esp-elf/esp-13.2.0_20230928/xtensa-esp-elf/xtensa-esp-elf/include/c++/13.2.0/backward]
  collapse include dir [/opt/esp/tools/xtensa-esp-elf/esp-13.2.0_20230928/xtensa-esp-elf/bin/../lib/gcc/xtensa-esp-elf/13.2.0/include] ==> [/opt/esp/tools/xtensa-esp-elf/esp-13.2.0_20230928/xtensa-esp-elf/lib/gcc/xtensa-esp-elf/13.2.0/include]
  collapse include dir [/opt/esp/tools/xtensa-esp-elf/esp-13.2.0_20230928/xtensa-esp-elf/bin/../lib/gcc/xtensa-esp-elf/13.2.0/include-fixed] ==> [/opt/esp/tools/xtensa-esp-elf/esp-13.2.0_20230928/xtensa-esp-elf/lib/gcc/xtensa-esp-elf/13.2.0/include-fixed]
  collapse include dir [/opt/esp/tools/xtensa-esp-elf/esp-13.2.0_20230928/xtensa-esp-elf/bin/../lib/gcc/xtensa-esp-elf/13.2.0/../../../../xtensa-esp-elf/sys-include] ==> [/opt/esp/tools/xtensa-esp-elf/esp-13.2.0_20230928/xtensa-esp-elf/xtensa-esp-elf/sys-include]
  collapse include dir [/opt/esp/tools/xtensa-esp-elf/esp-13.2.0_20230928/xtensa-esp-elf/bin/../lib/gcc/xtensa-esp-elf/13.2.0/../../../../xtensa-esp-elf/include] ==> [/opt/esp/tools/xtensa-esp-elf/esp-13.2.0_20230928/xtensa-esp-elf/xtensa-esp-elf/include]
  implicit include dirs: [/opt/esp/tools/xtensa-esp-elf/esp-13.2.0_20230928/xtensa-esp-elf/xtensa-esp-elf/include/c++/13.2.0;/opt/esp/tools/xtensa-esp-elf/esp-13.2.0_20230928/xtensa-esp-elf/xtensa-esp-elf/include/c++/13.2.0/xtensa-esp-elf/esp32s3;/opt/esp/tools/xtensa-esp-elf/esp-13.2.0_20230928/xtensa-esp-elf/xtensa-esp-elf/include/c++/13.2.0/backward;/opt/esp/tools/xtensa-esp-elf/esp-13.2.0_20230928/xtensa-esp-elf/lib/gcc/xtensa-esp-elf/13.2.0/include;/opt/esp/tools/xtensa-esp-elf/esp-13.2.0_20230928/xtensa-esp-elf/lib/gcc/xtensa-esp-elf/13.2.0/include-fixed;/opt/esp/tools/xtensa-esp-elf/esp-13.2.0_20230928/xtensa-esp-elf/xtensa-esp-elf/sys-include;/opt/esp/tools/xtensa-esp-elf/esp-13.2.0_20230928/xtensa-esp-elf/xtensa-esp-elf/include]


Parsed CXX implicit link information from above output:
  link line regex: [^( *|.*[/\])(xtensa-esp32s3-elf-ld|CMAKE_LINK_STARTFILE-NOTFOUND|([^/\]+-)?ld|collect2)[^/\]*( |$)]
  ignore line: [Change Dir: /project/build/CMakeFiles/CMakeTmp]
  ignore line: []
  ignore line: [Run Build Command(s):/usr/bin/ninja cmTC_5beff && [1/2] Building CXX object CMakeFiles/cmTC_5beff.dir/CMakeCXXCompilerABI.cpp.obj]
  ignore line: [Using built-in specs.]
  ignore line: [COLLECT_GCC=/opt/esp/tools/xtensa-esp-elf/esp-13.2.0_20230928/xtensa-esp-elf/bin/xtensa-esp-elf-g++]
  ignore line: [Target: xtensa-esp-elf]
  ignore line: [Configured with: /builds/idf/crosstool-NG/.build/xtensa-esp-elf/src/gcc/configure --build=x86_64-build_pc-linux-gnu --host=x86_64-build_pc-linux-gnu --target=xtensa-esp-elf --prefix=/builds/idf/crosstool-NG/builds/xtensa-esp-elf --exec_prefix=/builds/idf/crosstool-NG/builds/xtensa-esp-elf --with-local-prefix=/builds/idf/crosstool-NG/builds/xtensa-esp-elf/xtensa-esp-elf --with-headers=/builds/idf/crosstool-NG/builds/xtensa-esp-elf/xtensa-esp-elf/include --with-newlib --enable-threads=no --disable-shared --with-pkgversion='crosstool-NG esp-13.2.0_20230928' --disable-__cxa_atexit --enable-cxx-flags=-ffunction-sections --disable-libgomp --disable-libmudflap --disable-libmpx --disable-libssp --disable-libquadmath --disable-libquadmath-support --disable-libstdcxx-verbose --with-gmp=/builds/idf/crosstool-NG/.build/xtensa-esp-elf/buildtools --with-mpfr=/builds/idf/crosstool-NG/.build/xtensa-esp-elf/buildtools --with-mpc=/builds/idf/crosstool-NG/.build/xtensa-esp-elf/buildtools --with-isl=/builds/idf/crosstool-NG/.build/xtensa-esp-elf/buildtools --enable-lto --enable-target-optspace --without-long-double-128 --disable-nls --enable-multiarch --enable-languages=c c++ --disable-libstdcxx-verbose --enable-threads=posix --enable-gcov-custom-rtio --enable-libstdcxx-time=yes]
  ignore line: [Thread model: posix]
  ignore line: [Supported LTO compression algorithms: zlib]
  ignore line: [gcc version 13.2.0 (crosstool-NG esp-13.2.0_20230928) ]
  ignore line: [COLLECT_GCC_OPTIONS='-mdynconfig=xtensa_esp32s3.so' '-mlongcalls' '-fno-builtin-memcpy' '-fno-builtin-memset' '-fno-builtin-bzero' '-fno-builtin-stpcpy' '-fno-builtin-strncpy' '-v' '-o' 'CMakeFiles/cmTC_5beff.dir/CMakeCXXCompilerABI.cpp.obj' '-c' '-dumpdir' 'CMakeFiles/cmTC_5beff.dir/']
  ignore line: [ /opt/esp/tools/xtensa-esp-elf/esp-13.2.0_20230928/xtensa-esp-elf/bin/../libexec/gcc/xtensa-esp-elf/13.2.0/cc1plus -quiet -v -imultilib esp32s3 -iprefix /opt/esp/tools/xtensa-esp-elf/esp-13.2.0_20230928/xtensa-esp-elf/bin/../lib/gcc/xtensa-esp-elf/13.2.0/ /opt/esp/tools/cmake/3.24.0/share/cmake-3.24/Modules/CMakeCXXCompilerABI.cpp -quiet -dumpdir CMakeFiles/cmTC_5beff.dir/ -dumpbase CMakeCXXCompilerABI.cpp.cpp -dumpbase-ext .cpp -mdynconfig=xtensa_esp32s3.so -mlongcalls -version -fno-builtin-memcpy -fno-builtin-memset -fno-builtin-bzero -fno-builtin-stpcpy -fno-builtin-strncpy -o /tmp/ccOatUxO.s]
  ignore line: [GNU C++17 (crosstool-NG esp-13.2.0_20230928) version 13.2.0 (xtensa-esp-elf)]
  ignore line: [	compiled by GNU C version 4.9.2  GMP version 6.2.1  MPFR version 4.1.0  MPC version 1.2.1  isl version isl-0.24-GMP]
  ignore line: []
  ignore line: [GGC heuristics: --param ggc-min-expand=100 --param ggc-min-heapsize=131072]
  ignore line: [ignoring duplicate directory "/opt/esp/tools/xtensa-esp-elf/esp-13.2.0_20230928/xtensa-esp-elf/bin/../lib/gcc/../../lib/gcc/xtensa-esp-elf/13.2.0/../../../../xtensa-esp-elf/include/c++/13.2.0"]
  ignore line: [ignoring duplicate directory "/opt/esp/tools/xtensa-esp-elf/esp-13.2.0_20230928/xtensa-esp-elf/bin/../lib/gcc/../../lib/gcc/xtensa-esp-elf/13.2.0/../../../../xtensa-esp-elf/include/c++/13.2.0/xtensa-esp-elf/esp32s3"]
  ignore line: [ignoring duplicate directory "/opt/esp/tools/xtensa-esp-elf/esp-13.2.0_20230928/xtensa-esp-elf/bin/../lib/gcc/../../lib/gcc/xtensa-esp-elf/13.2.0/../../../../xtensa-esp-elf/include/c++/13.2.0/backward"]
  ignore line: [ignoring duplicate directory "/opt/esp/tools/xtensa-esp-elf/esp-13.2.0_20230928/xtensa-esp-elf/bin/../lib/gcc/../../lib/gcc/xtensa-esp-elf/13.2.0/include"]
  ignore line: [ignoring duplicate directory "/opt/esp/tools/xtensa-esp-elf/esp-13.2.0_20230928/xtensa-esp-elf/bin/../lib/gcc/../../lib/gcc/xtensa-esp-elf/13.2.0/include-fixed"]
  ignore line: [ignoring duplicate directory "/opt/esp/tools/xtensa-esp-elf/esp-13.2.0_20230928/xtensa-esp-elf/bin/../lib/gcc/../../lib/gcc/xtensa-esp-elf/13.2.0/../../../../xtensa-esp-elf/sys-include"]
  ignore line: [ignoring duplicate directory "/opt/esp/tools/xtensa-esp-elf/esp-13.2.0_20230928/xtensa-esp-elf/bin/../lib/gcc/../../lib/gcc/xtensa-esp-elf/13.2.0/../../../../xtensa-esp-elf/include"]
  ignore line: [#include "..." search starts here:]
  ignore line: [#include <...> search starts here:]
  ignore line: [ /opt/esp/tools/xtensa-esp-elf/esp-13.2.0_20230928/xtensa-esp-elf/bin/../lib/gcc/xtensa-esp-elf/13.2.0/../../../../xtensa-esp-elf/include/c++/13.2.0]
  ignore line: [ /opt/esp/tools/xtensa-esp-elf/esp-13.2.0_20230928/xtensa-esp-elf/bin/../lib/gcc/xtensa-esp-elf/13.2.0/../../../../xtensa-esp-elf/include/c++/13.2.0/xtensa-esp-elf/esp32s3]
  ignore line: [ /opt/esp/tools/xtensa-esp-elf/esp-13.2.0_20230928/xtensa-esp-elf/bin/../lib/gcc/xtensa-esp-elf/13.2.0/../../../../xtensa-esp-elf/include/c++/13.2.0/backward]
  ignore line: [ /opt/esp/tools/xtensa-esp-elf/esp-13.2.0_20230928/xtensa-esp-elf/bin/../lib/gcc/xtensa-esp-elf/13.2.0/include]
  ignore line: [ /opt/esp/tools/xtensa-esp-elf/esp-13.2.0_20230928/xtensa-esp-elf/bin/../lib/gcc/xtensa-esp-elf/13.2.0/include-fixed]
  ignore line: [ /opt/esp/tools/xtensa-esp-elf/esp-13.2.0_20230928/xtensa-esp-elf/bin/../lib/gcc/xtensa-esp-elf/13.2.0/../../../../xtensa-esp-elf/sys-include]
  ignore line: [ /opt/esp/tools/xtensa-esp-elf/esp-13.2.0_20230928/xtensa-esp-elf/bin/../lib/gcc/xtensa-esp-elf/13.2.0/../../../../xtensa-esp-elf/include]
  ignore line: [End of search list.]
  ignore line: [Compiler executable checksum: a028436f3bbddb46fb1c3c82b1060db5]
  ignore line: [COLLECT_GCC_OPTIONS='-mdynconfig=xtensa_esp32s3.so' '-mlongcalls' '-fno-builtin-memcpy' '-fno-builtin-memset' '-fno-builtin-bzero' '-fno-builtin-stpcpy' '-fno-builtin-strncpy' '-v' '-o' 'CMakeFiles/cmTC_5beff.dir/CMakeCXXCompilerABI.cpp.obj' '-c' '-dumpdir' 'CMakeFiles/cmTC_5beff.dir/']
  ignore line: [ /opt/esp/tools/xtensa-esp-elf/esp-13.2.0_20230928/xtensa-esp-elf/bin/../lib/gcc/xtensa-esp-elf/13.2.0/../../../../xtensa-esp-elf/bin/as --traditional-format --longcalls --dynconfig=xtensa_esp32s3.so -o CMakeFiles/cmTC_5beff.dir/CMakeCXXCompilerABI.cpp.obj /tmp/ccOatUxO.s]
  ignore line: [COMPILER_PATH=/opt/esp/tools/xtensa-esp-elf/esp-13.2.0_20230928/xtensa-esp-elf/bin/../libexec/gcc/xtensa-esp-elf/13.2.0/:/opt/esp/tools/xtensa-esp-elf/esp-13.2.0_20230928/xtensa-esp-elf/bin/../libexec/gcc/:/opt/esp/tools/xtensa-esp-elf/esp-13.2.0_20230928/xtensa-esp-elf/bin/../lib/gcc/xtensa-esp-elf/13.2.0/../../../../xtensa-esp-elf/bin/]
  ignore line: [LIBRARY_PATH=/opt/esp/tools/xtensa-esp-elf/esp-13.2.0_20230928/xtensa-esp-elf/bin/../lib/gcc/xtensa-esp-elf/13.2.0/esp32s3/:/opt/esp/tools/xtensa-esp-elf/esp-13.2.0_20230928/xtensa-esp-elf/bin/../lib/gcc/xtensa-esp-elf/13.2.0/../../../../xtensa-esp-elf/lib/esp32s3/:/opt/esp/tools/xtensa-esp-elf/esp-13.2.0_20230928/xtensa-esp-elf/bin/../lib/gcc/xtensa-esp-elf/13.2.0/:/opt/esp/tools/xtensa-esp-elf/esp-13.2.0_20230928/xtensa-esp-elf/bin/../lib/gcc/:/opt/esp/tools/xtensa-esp-elf/esp-13.2.0_20230928/xtensa-esp-elf/bin/../lib/gcc/xtensa-esp-elf/13.2.0/../../../../xtensa-esp-elf/lib/]
  ignore line: [COLLECT_GCC_OPTIONS='-mdynconfig=xtensa_esp32s3.so' '-mlongcalls' '-fno-builtin-memcpy' '-fno-builtin-memset' '-fno-builtin-bzero' '-fno-builtin-stpcpy' '-fno-builtin-strncpy' '-v' '-o' 'CMakeFiles/cmTC_5beff.dir/CMakeCXXCompilerABI.cpp.obj' '-c' '-dumpdir' 'CMakeFiles/cmTC_5beff.dir/CMakeCXXCompilerABI.cpp.']
  ignore line: [[2/2] Linking CXX executable cmTC_5beff]
  ignore line: [Using built-in specs.]
  ignore line: [COLLECT_GCC=/opt/esp/tools/xtensa-esp-elf/esp-13.2.0_20230928/xtensa-esp-elf/bin/xtensa-esp-elf-g++]
  ignore line: [COLLECT_LTO_WRAPPER=/opt/esp/tools/xtensa-esp-elf/esp-13.2.0_20230928/xtensa-esp-elf/bin/../libexec/gcc/xtensa-esp-elf/13.2.0/lto-wrapper]
  ignore line: [Target: xtensa-esp-elf]
  ignore line: [Configured with: /builds/idf/crosstool-NG/.build/xtensa-esp-elf/src/gcc/configure --build=x86_64-build_pc-linux-gnu --host=x86_64-build_pc-linux-gnu --target=xtensa-esp-elf --prefix=/builds/idf/crosstool-NG/builds/xtensa-esp-elf --exec_prefix=/builds/idf/crosstool-NG/builds/xtensa-esp-elf --with-local-prefix=/builds/idf/crosstool-NG/builds/xtensa-esp-elf/xtensa-esp-elf --with-headers=/builds/idf/crosstool-NG/builds/xtensa-esp-elf/xtensa-esp-elf/include --with-newlib --enable-threads=no --disable-shared --with-pkgversion='crosstool-NG esp-13.2.0_20230928' --disable-__cxa_atexit --enable-cxx-flags=-ffunction-sections --disable-libgomp --disable-libmudflap --disable-libmpx --disable-libssp --disable-libquadmath --disable-libquadmath-support --disable-libstdcxx-verbose --with-gmp=/builds/idf/crosstool-NG/.build/xtensa-esp-elf/buildtools --with-mpfr=/builds/idf/crosstool-NG/.build/xtensa-esp-elf/buildtools --with-mpc=/builds/idf/crosstool-NG/.build/xtensa-esp-elf/buildtools --with-isl=/builds/idf/crosstool-NG/.build/xtensa-esp-elf/buildtools --enable-lto --enable-target-optspace --without-long-double-128 --disable-nls --enable-multiarch --enable-languages=c c++ --disable-libstdcxx-verbose --enable-threads=posix --enable-gcov-custom-rtio --enable-libstdcxx-time=yes]
  ignore line: [Thread model: posix]
  ignore line: [Supported LTO compression algorithms: zlib]
  ignore line: [gcc version 13.2.0 (crosstool-NG esp-13.2.0_20230928) ]
  ignore line: [COMPILER_PATH=/opt/esp/tools/xtensa-esp-elf/esp-13.2.0_20230928/xtensa-esp-elf/bin/../libexec/gcc/xtensa-esp-elf/13.2.0/:/opt/esp/tools/xtensa-esp-elf/esp-13.2.0_20230928/xtensa-esp-elf/bin/../libexec/gcc/:/opt/esp/tools/xtensa-esp-elf/esp-13.2.0_20230928/xtensa-esp-elf/bin/../lib/gcc/xtensa-esp-elf/13.2.0/../../../../xtensa-esp-elf/bin/]
  ignore line: [LIBRARY_PATH=/opt/esp/tools/xtensa-esp-elf/esp-13.2.0_20230928/xtensa-esp-elf/bin/../lib/gcc/xtensa-esp-elf/13.2.0/esp32s3/:/opt/esp/tools/xtensa-esp-elf/esp-13.2.0_20230928/xtensa-esp-elf/bin/../lib/gcc/xtensa-esp-elf/13.2.0/../../../../xtensa-esp-elf/lib/esp32s3/:/opt/esp/tools/xtensa-esp-elf/esp-13.2.0_20230928/xtensa-esp-elf/bin/../lib/gcc/xtensa-esp-elf/13.2.0/:/opt/esp/tools/xtensa-esp-elf/esp-13.2.0_20230928/xtensa-esp-elf/bin/../lib/gcc/:/opt/esp/tools/xtensa-esp-elf/esp-13.2.0_20230928/xtensa-esp-elf/bin/../lib/gcc/xtensa-esp-elf/13.2.0/../../../../xtensa-esp-elf/lib/]
  ignore line: [COLLECT_GCC_OPTIONS='-mdynconfig=xtensa_esp32s3.so' '-mlongcalls' '-fno-builtin-memcpy' '-fno-builtin-memset' '-fno-builtin-bzero' '-fno-builtin-stpcpy' '-fno-builtin-strncpy' '-v' '-o' 'cmTC_5beff' '-dumpdir' 'cmTC_5beff.']
  link line: [ /opt/esp/tools/xtensa-esp-elf/esp-13.2.0_20230928/xtensa-esp-elf/bin/../libexec/gcc/xtensa-esp-elf/13.2.0/collect2 -plugin /opt/esp/tools/xtensa-esp-elf/esp-13.2.0_20230928/xtensa-esp-elf/bin/../libexec/gcc/xtensa-esp-elf/13.2.0/liblto_plugin.so -plugin-opt=/opt/esp/tools/xtensa-esp-elf/esp-13.2.0_20230928/xtensa-esp-elf/bin/../libexec/gcc/xtensa-esp-elf/13.2.0/lto-wrapper -plugin-opt=-fresolution=/tmp/ccwsch4x.res -plugin-opt=-pass-through=-lgcc -plugin-opt=-pass-through=-lc -plugin-opt=-pass-through=-lnosys -plugin-opt=-pass-through=-lc -plugin-opt=-pass-through=-lgcc --dynconfig=xtensa_esp32s3.so -o cmTC_5beff /opt/esp/tools/xtensa-esp-elf/esp-13.2.0_20230928/xtensa-esp-elf/bin/../lib/gcc/xtensa-esp-elf/13.2.0/../../../../xtensa-esp-elf/lib/esp32s3/crt0.o /opt/esp/tools/xtensa-esp-elf/esp-13.2.0_20230928/xtensa-esp-elf/bin/../lib/gcc/xtensa-esp-elf/13.2.0/esp32s3/crti.o /opt/esp/tools/xtensa-esp-elf/esp-13.2.0_20230928/xtensa-esp-elf/bin/../lib/gcc/xtensa-esp-elf/13.2.0/esp32s3/crtbegin.o -L/opt/esp/tools/xtensa-esp-elf/esp-13.2.0_20230928/xtensa-esp-elf/bin/../lib/gcc/xtensa-esp-elf/13.2.0/esp32s3 -L/opt/esp/tools/xtensa-esp-elf/esp-13.2.0_20230928/xtensa-esp-elf/bin/../lib/gcc/xtensa-esp-elf/13.2.0/../../../../xtensa-esp-elf/lib/esp32s3 -L/opt/esp/tools/xtensa-esp-elf/esp-13.2.0_20230928/xtensa-esp-elf/bin/../lib/gcc/xtensa-esp-elf/13.2.0 -L/opt/esp/tools/xtensa-esp-elf/esp-13.2.0_20230928/xtensa-esp-elf/bin/../lib/gcc -L/opt/esp/tools/xtensa-esp-elf/esp-13.2.0_20230928/xtensa-esp-elf/bin/../lib/gcc/xtensa-esp-elf/13.2.0/../../../../xtensa-esp-elf/lib CMakeFiles/cmTC_5beff.dir/CMakeCXXCompilerABI.cpp.obj -lstdc++ -lm -lgcc -lc -lnosys -lc -lgcc /opt/esp/tools/xtensa-esp-elf/esp-13.2.0_20230928/xtensa-esp-elf/bin/../lib/gcc/xtensa-esp-elf/13.2.0/esp32s3/crtend.o /opt/esp/tools/xtensa-esp-elf/esp-13.2.0_20230928/xtensa-esp-elf/bin/../lib/gcc/xtensa-esp-elf/13.2.0/esp32s3/crtn.o]
    arg [/opt/esp/tools/xtensa-esp-elf/esp-13.2.0_20230928/xtensa-esp-elf/bin/../libexec/gcc/xtensa-esp-elf/13.2.0/collect2] ==> ignore
    arg [-plugin] ==> ignore
    arg [/opt/esp/tools/xtensa-esp-elf/esp-13.2.0_20230928/xtensa-esp-elf/bin/../libexec/gcc/xtensa-esp-elf/13.2.0/liblto_plugin.so] ==> ignore
    arg [-plugin-opt=/opt/esp/tools/xtensa-esp-elf/esp-13.2.0_20230928/xtensa-esp-elf/bin/../libexec/gcc/xtensa-esp-elf/13.2.0/lto-wrapper] ==> ignore
    arg [-plugin-opt=-fresolution=/tmp/ccwsch4x.res] ==> ignore
    arg [-plugin-opt=-pass-through=-lgcc] ==> ignore
    arg [-plugin-opt=-pass-through=-lc] ==> ignore
    arg [-plugin-opt=-pass-through=-lnosys] ==> ignore
    arg [-plugin-opt=-pass-through=-lc] ==> ignore
    arg [-plugin-opt=-pass-through=-lgcc] ==> ignore
    arg [--dynconfig=xtensa_esp32s3.so] ==> ignore
    arg [-o] ==> ignore
    arg [cmTC_5beff] ==> ignore
    arg [/opt/esp/tools/xtensa-esp-elf/esp-13.2.0_20230928/xtensa-esp-elf/bin/../lib/gcc/xtensa-esp-elf/13.2.0/../../../../xtensa-esp-elf/lib/esp32s3/crt0.o] ==> obj [/opt/esp/tools/xtensa-esp-elf/esp-13.2.0_20230928/xtensa-esp-elf/bin/../lib/gcc/xtensa-esp-elf/13.2.0/../../../../xtensa-esp-elf/lib/esp32s3/crt0.o]
    arg [/opt/esp/tools/xtensa-esp-elf/esp-13.2.0_20230928/xtensa-esp-elf/bin/../lib/gcc/xtensa-esp-elf/13.2.0/esp32s3/crti.o] ==> obj [/opt/esp/tools/xtensa-esp-elf/esp-13.2.0_20230928/xtensa-esp-elf/bin/../lib/gcc/xtensa-esp-elf/13.2.0/esp32s3/crti.o]
    arg [/opt/esp/tools/xtensa-esp-elf/esp-13.2.0_20230928/xtensa-esp-elf/bin/../lib/gcc/xtensa-esp-elf/13.2.0/esp32s3/crtbegin.o] ==> obj [/opt/esp/tools/xtensa-esp-elf/esp-13.2.0_20230928/xtensa-esp-elf/bin/../lib/gcc/xtensa-esp-elf/13.2.0/esp32s3/crtbegin.o]
    arg [-L/opt/esp/tools/xtensa-esp-elf/esp-13.2.0_20230928/xtensa-esp-elf/bin/../lib/gcc/xtensa-esp-elf/13.2.0/esp32s3] ==> dir [/opt/esp/tools/xtensa-esp-elf/esp-13.2.0_20230928/xtensa-esp-elf/bin/../lib/gcc/xtensa-esp-elf/13.2.0/esp32s3]
    arg [-L/opt/esp/tools/xtensa-esp-elf/esp-13.2.0_20230928/xtensa-esp-elf/bin/../lib/gcc/xtensa-esp-elf/13.2.0/../../../../xtensa-esp-elf/lib/esp32s3] ==> dir [/opt/esp/tools/xtensa-esp-elf/esp-13.2.0_20230928/xtensa-esp-elf/bin/../lib/gcc/xtensa-esp-elf/13.2.0/../../../../xtensa-esp-elf/lib/esp32s3]
    arg [-L/opt/esp/tools/xtensa-esp-elf/esp-13.2.0_20230928/xtensa-esp-elf/bin/../lib/gcc/xtensa-esp-elf/13.2.0] ==> dir [/opt/esp/tools/xtensa-esp-elf/esp-13.2.0_20230928/xtensa-esp-elf/bin/../lib/gcc/xtensa-esp-elf/13.2.0]
    arg [-L/opt/esp/tools/xtensa-esp-elf/esp-13.2.0_20230928/xtensa-esp-elf/bin/../lib/gcc] ==> dir [/opt/esp/tools/xtensa-esp-elf/esp-13.2.0_20230928/xtensa-esp-elf/bin/../lib/gcc]
    arg [-L/opt/esp/tools/xtensa-esp-elf/esp-13.2.0_20230928/xtensa-esp-elf/bin/../lib/gcc/xtensa-esp-elf/13.2.0/../../../../xtensa-esp-elf/lib] ==> dir [/opt/esp/tools/xtensa-esp-elf/esp-13.2.0_20230928/xtensa-esp-elf/bin/../lib/gcc/xtensa-esp-elf/13.2.0/../../../../xtensa-esp-elf/lib]
    arg [CMakeFiles/cmTC_5beff.dir/CMakeCXXCompilerABI.cpp.obj] ==> ignore
    arg [-lstdc++] ==> lib [stdc++]
    arg [-lm] ==> lib [m]
    arg [-lgcc] ==> lib [gcc]
    arg [-lc] ==> lib [c]
    arg [-lnosys] ==> lib [nosys]
    arg [-lc] ==> lib [c]
    arg [-lgcc] ==> lib [gcc]
    arg [/opt/esp/tools/xtensa-esp-elf/esp-13.2.0_20230928/xtensa-esp-elf/bin/../lib/gcc/xtensa-esp-elf/13.2.0/esp32s3/crtend.o] ==> obj [/opt/esp/tools/xtensa-esp-elf/esp-13.2.0_20230928/xtensa-esp-elf/bin/../lib/gcc/xtensa-esp-elf/13.2.0/esp32s3/crtend.o]
    arg [/opt/esp/tools/xtensa-esp-elf/esp-13.2.0_20230928/xtensa-esp-elf/bin/../lib/gcc/xtensa-esp-elf/13.2.0/esp32s3/crtn.o] ==> obj [/opt/esp/tools/xtensa-esp-elf/esp-13.2.0_20230928/xtensa-esp-elf/bin/../lib/gcc/xtensa-esp-elf/13.2.0/esp32s3/crtn.o]
  collapse obj [/opt/esp/tools/xtensa-esp-elf/esp-13.2.0_20230928/xtensa-esp-elf/bin/../lib/gcc/xtensa-esp-elf/13.2.0/../../../../xtensa-esp-elf/lib/esp32s3/crt0.o] ==> [/opt/esp/tools/xtensa-esp-elf/esp-13.2.0_20230928/xtensa-esp-elf/xtensa-esp-elf/lib/esp32s3/crt0.o]
  collapse obj [/opt/esp/tools/xtensa-esp-elf/esp-13.2.0_20230928/xtensa-esp-elf/bin/../lib/gcc/xtensa-esp-elf/13.2.0/esp32s3/crti.o] ==> [/opt/esp/tools/xtensa-esp-elf/esp-13.2.0_20230928/xtensa-esp-elf/lib/gcc/xtensa-esp-elf/13.2.0/esp32s3/crti.o]
  collapse obj [/opt/esp/tools/xtensa-esp-elf/esp-13.2.0_20230928/xtensa-esp-elf/bin/../lib/gcc/xtensa-esp-elf/13.2.0/esp32s3/crtbegin.o] ==> [/opt/esp/tools/xtensa-esp-elf/esp-13.2.0_20230928/xtensa-esp-elf/lib/gcc/xtensa-esp-elf/13.2.0/esp32s3/crtbegin.o]
  collapse obj [/opt/esp/tools/xtensa-esp-elf/esp-13.2.0_20230928/xtensa-esp-elf/bin/../lib/gcc/xtensa-esp-elf/13.2.0/esp32s3/crtend.o] ==> [/opt/esp/tools/xtensa-esp-elf/esp-13.2.0_20230928/xtensa-esp-elf/lib/gcc/xtensa-esp-elf/13.2.0/esp32s3/crtend.o]
  collapse obj [/opt/esp/tools/xtensa-esp-elf/esp-13.2.0_20230928/xtensa-esp-elf/bin/../lib/gcc/xtensa-esp-elf/13.2.0/esp32s3/crtn.o] ==> [/opt/esp/tools/xtensa-esp-elf/esp-13.2.0_20230928/xtensa-esp-elf/lib/gcc/xtensa-esp-elf/13.2.0/esp32s3/crtn.o]
  collapse library dir [/opt/esp/tools/xtensa-esp-elf/esp-13.2.0_20230928/xtensa-esp-elf/bin/../lib/gcc/xtensa-esp-elf/13.2.0/esp32s3] ==> [/opt/esp/tools/xtensa-esp-elf/esp-13.2.0_20230928/xtensa-esp-elf/lib/gcc/xtensa-esp-elf/13.2.0/esp32s3]
  collapse library dir [/opt/esp/tools/xtensa-esp-elf/esp-13.2.0_20230928/xtensa-esp-elf/bin/../lib/gcc/xtensa-esp-elf/13.2.0/../../../../xtensa-esp-elf/lib/esp32s3] ==> [/opt/esp/tools/xtensa-esp-elf/esp-13.2.0_20230928/xtensa-esp-elf/xtensa-esp-elf/lib/esp32s3]
  collapse library dir [/opt/esp/tools/xtensa-esp-elf/esp-13.2.0_20230928/xtensa-esp-elf/bin/../lib/gcc/xtensa-esp-elf/13.2.0] ==> [/opt/esp/tools/xtensa-esp-elf/esp-13.2.0_20230928/xtensa-esp-elf/lib/gcc/xtensa-esp-elf/13.2.0]
  collapse library dir [/opt/esp/tools/xtensa-esp-elf/esp-13.2.0_20230928/xtensa-esp-elf/bin/../lib/gcc] ==> [/opt/esp/tools/xtensa-esp-elf/esp-13.2.0_20230928/xtensa-esp-elf/lib/gcc]
  collapse library dir [/opt/esp/tools/xtensa-esp-elf/esp-13.2.0_20230928/xtensa-esp-elf/bin/../lib/gcc/xtensa-esp-elf/13.2.0/../../../../xtensa-esp-elf/lib] ==> [/opt/esp/tools/xtensa-esp-elf/esp-13.2.0_20230928/xtensa-esp-elf/xtensa-esp-elf/lib]
  implicit libs: [stdc++;m;gcc;c;nosys;c;gcc]
  implicit objs: [/opt/esp/tools/xtensa-esp-elf/esp-13.2.0_20230928/xtensa-esp-elf/xtensa-esp-elf/lib/esp32s3/crt0.o;/opt/esp/tools/xtensa-esp-elf/esp-13.2.0_20230928/xtensa-esp-elf/lib/gcc/xtensa-esp-elf/13.2.0/esp32s3/crti.o;/opt/esp/tools/xtensa-esp-elf/esp-13.2.0_20230928/xtensa-esp-elf/lib/gcc/xtensa-esp-elf/13.2.0/esp32s3/crtbegin.o;/opt/esp/tools/xtensa-esp-elf/esp-13.2.0_20230928/xtensa-esp-elf/lib/gcc/xtensa-esp-elf/13.2.0/esp32s3/crtend.o;/opt/esp/tools/xtensa-esp-elf/esp-13.2.0_20230928/xtensa-esp-elf/lib/gcc/xtensa-esp-elf/13.2.0/esp32s3/crtn.o]
  implicit dirs: [/opt/esp/tools/xtensa-esp-elf/esp-13.2.0_20230928/xtensa-esp-elf/lib/gcc/xtensa-esp-elf/13.2.0/esp32s3;/opt/esp/tools/xtensa-esp-elf/esp-13.2.0_20230928/xtensa-esp-elf/xtensa-esp-elf/lib/esp32s3;/opt/esp/tools/xtensa-esp-elf/esp-13.2.0_20230928/xtensa-esp-elf/lib/gcc/xtensa-esp-elf/13.2.0;/opt/esp/tools/xtensa-esp-elf/esp-13.2.0_20230928/xtensa-esp-elf/lib/gcc;/opt/esp/tools/xtensa-esp-elf/esp-13.2.0_20230928/xtensa-esp-elf/xtensa-esp-elf/lib]
  implicit fwks: []


The target system is: Generic -  - 
The host system is: Linux - 6.18.33.2-microsoft-standard-WSL2 - x86_64
Compiling the C compiler identification source file "CMakeCCompilerId.c" succeeded.
Compiler: /opt/esp/tools/xtensa-esp-elf/esp-13.2.0_20230928/xtensa-esp-elf/bin/xtensa-esp32s3-elf-gcc 
Build flags: -mlongcalls;;-fno-builtin-memcpy;-fno-builtin-memset;-fno-builtin-bzero;-fno-builtin-stpcpy;-fno-builtin-strncpy
Id flags:  

The output was:
0


Compilation of the C compiler identification source "CMakeCCompilerId.c" produced "a.out"

The C compiler identification is GNU, found in "/project/build/CMakeFiles/3.24.0/CompilerIdC/a.out"

Compiling the CXX compiler identification source file "CMakeCXXCompilerId.cpp" succeeded.
Compiler: /opt/esp/tools/xtensa-esp-elf/esp-13.2.0_20230928/xtensa-esp-elf/bin/xtensa-esp32s3-elf-g++ 
Build flags: -mlongcalls;;-fno-builtin-memcpy;-fno-builtin-memset;-fno-builtin-bzero;-fno-builtin-stpcpy;-fno-builtin-strncpy
Id flags:  

The output was:
0


Compilation of the CXX compiler identification source "CMakeCXXCompilerId.cpp" produced "a.out"

The CXX compiler identification is GNU, found in "/project/build/CMakeFiles/3.24.0/CompilerIdCXX/a.out"

Checking whether the ASM compiler is GNU using "--version" matched "(GNU assembler)|(GCC)|(Free Software Foundation)":
xtensa-esp-elf-gcc (crosstool-NG esp-13.2.0_20230928) 13.2.0
Copyright (C) 2023 Free Software Foundation, Inc.
This is free software; see the source for copying conditions.  There is NO
warranty; not even for MERCHANTABILITY or FITNESS FOR A PARTICULAR PURPOSE.

Detecting C compiler ABI info compiled with the following output:
Change Dir: /project/build/CMakeFiles/CMakeTmp

Run Build Command(s):/usr/bin/ninja cmTC_c6ec0 && [1/2] Building C object CMakeFiles/cmTC_c6ec0.dir/CMakeCCompilerABI.c.obj
Using built-in specs.
COLLECT_GCC=/opt/esp/tools/xtensa-esp-elf/esp-13.2.0_20230928/xtensa-esp-elf/bin/xtensa-esp-elf-gcc
Target: xtensa-esp-elf
Configured with: /builds/idf/crosstool-NG/.build/xtensa-esp-elf/src/gcc/configure --build=x86_64-build_pc-linux-gnu --host=x86_64-build_pc-linux-gnu --target=xtensa-esp-elf --prefix=/builds/idf/crosstool-NG/builds/xtensa-esp-elf --exec_prefix=/builds/idf/crosstool-NG/builds/xtensa-esp-elf --with-local-prefix=/builds/idf/crosstool-NG/builds/xtensa-esp-elf/xtensa-esp-elf --with-headers=/builds/idf/crosstool-NG/builds/xtensa-esp-elf/xtensa-esp-elf/include --with-newlib --enable-threads=no --disable-shared --with-pkgversion='crosstool-NG esp-13.2.0_20230928' --disable-__cxa_atexit --enable-cxx-flags=-ffunction-sections --disable-libgomp --disable-libmudflap --disable-libmpx --disable-libssp --disable-libquadmath --disable-libquadmath-support --disable-libstdcxx-verbose --with-gmp=/builds/idf/crosstool-NG/.build/xtensa-esp-elf/buildtools --with-mpfr=/builds/idf/crosstool-NG/.build/xtensa-esp-elf/buildtools --with-mpc=/builds/idf/crosstool-NG/.build/xtensa-esp-elf/buildtools --with-isl=/builds/idf/crosstool-NG/.build/xtensa-esp-elf/buildtools --enable-lto --enable-target-optspace --without-long-double-128 --disable-nls --enable-multiarch --enable-languages=c,c++ --disable-libstdcxx-verbose --enable-threads=posix --enable-gcov-custom-rtio --enable-libstdcxx-time=yes
Thread model: posix
Supported LTO compression algorithms: zlib
gcc version 13.2.0 (crosstool-NG esp-13.2.0_20230928) 
COLLECT_GCC_OPTIONS='-mdynconfig=xtensa_esp32s3.so' '-mlongcalls' '-fno-builtin-memcpy' '-fno-builtin-memset' '-fno-builtin-bzero' '-fno-builtin-stpcpy' '-fno-builtin-strncpy' '-v' '-o' 'CMakeFiles/cmTC_c6ec0.dir/CMakeCCompilerABI.c.obj' '-c' '-dumpdir' 'CMakeFiles/cmTC_c6ec0.dir/'
 /opt/esp/tools/xtensa-esp-elf/esp-13.2.0_20230928/xtensa-esp-elf/bin/../libexec/gcc/xtensa-esp-elf/13.2.0/cc1 -quiet -v -imultilib esp32s3 -iprefix /opt/esp/tools/xtensa-esp-elf/esp-13.2.0_20230928/xtensa-esp-elf/bin/../lib/gcc/xtensa-esp-elf/13.2.0/ /opt/esp/tools/cmake/3.24.0/share/cmake-3.24/Modules/CMakeCCompilerABI.c -quiet -dumpdir CMakeFiles/cmTC_c6ec0.dir/ -dumpbase CMakeCCompilerABI.c.c -dumpbase-ext .c -mdynconfig=xtensa_esp32s3.so -mlongcalls -version -fno-builtin-memcpy -fno-builtin-memset -fno-builtin-bzero -fno-builtin-stpcpy -fno-builtin-strncpy -o /tmp/ccnpqnh4.s
GNU C17 (crosstool-NG esp-13.2.0_20230928) version 13.2.0 (xtensa-esp-elf)
	compiled by GNU C version 4.9.2, GMP version 6.2.1, MPFR version 4.1.0, MPC version 1.2.1, isl version isl-0.24-GMP

GGC heuristics: --param ggc-min-expand=100 --param ggc-min-heapsize=131072
ignoring duplicate directory "/opt/esp/tools/xtensa-esp-elf/esp-13.2.0_20230928/xtensa-esp-elf/bin/../lib/gcc/../../lib/gcc/xtensa-esp-elf/13.2.0/include"
ignoring duplicate directory "/opt/esp/tools/xtensa-esp-elf/esp-13.2.0_20230928/xtensa-esp-elf/bin/../lib/gcc/../../lib/gcc/xtensa-esp-elf/13.2.0/include-fixed"
ignoring duplicate directory "/opt/esp/tools/xtensa-esp-elf/esp-13.2.0_20230928/xtensa-esp-elf/bin/../lib/gcc/../../lib/gcc/xtensa-esp-elf/13.2.0/../../../../xtensa-esp-elf/sys-include"
ignoring duplicate directory "/opt/esp/tools/xtensa-esp-elf/esp-13.2.0_20230928/xtensa-esp-elf/bin/../lib/gcc/../../lib/gcc/xtensa-esp-elf/13.2.0/../../../../xtensa-esp-elf/include"
#include "..." search starts here:
#include <...> search starts here:
 /opt/esp/tools/xtensa-esp-elf/esp-13.2.0_20230928/xtensa-esp-elf/bin/../lib/gcc/xtensa-esp-elf/13.2.0/include
 /opt/esp/tools/xtensa-esp-elf/esp-13.2.0_20230928/xtensa-esp-elf/bin/../lib/gcc/xtensa-esp-elf/13.2.0/include-fixed
 /opt/esp/tools/xtensa-esp-elf/esp-13.2.0_20230928/xtensa-esp-elf/bin/../lib/gcc/xtensa-esp-elf/13.2.0/../../../../xtensa-esp-elf/sys-include
 /opt/esp/tools/xtensa-esp-elf/esp-13.2.0_20230928/xtensa-esp-elf/bin/../lib/gcc/xtensa-esp-elf/13.2.0/../../../../xtensa-esp-elf/include
End of search list.
Compiler executable checksum: 4539739640aaddb8d2d8a8b528c1da63
COLLECT_GCC_OPTIONS='-mdynconfig=xtensa_esp32s3.so' '-mlongcalls' '-fno-builtin-memcpy' '-fno-builtin-memset' '-fno-builtin-bzero' '-fno-builtin-stpcpy' '-fno-builtin-strncpy' '-v' '-o' 'CMakeFiles/cmTC_c6ec0.dir/CMakeCCompilerABI.c.obj' '-c' '-dumpdir' 'CMakeFiles/cmTC_c6ec0.dir/'
 /opt/esp/tools/xtensa-esp-elf/esp-13.2.0_20230928/xtensa-esp-elf/bin/../lib/gcc/xtensa-esp-elf/13.2.0/../../../../xtensa-esp-elf/bin/as --traditional-format --longcalls --dynconfig=xtensa_esp32s3.so -o CMakeFiles/cmTC_c6ec0.dir/CMakeCCompilerABI.c.obj /tmp/ccnpqnh4.s
COMPILER_PATH=/opt/esp/tools/xtensa-esp-elf/esp-13.2.0_20230928/xtensa-esp-elf/bin/../libexec/gcc/xtensa-esp-elf/13.2.0/:/opt/esp/tools/xtensa-esp-elf/esp-13.2.0_20230928/xtensa-esp-elf/bin/../libexec/gcc/:/opt/esp/tools/xtensa-esp-elf/esp-13.2.0_20230928/xtensa-esp-elf/bin/../lib/gcc/xtensa-esp-elf/13.2.0/../../../../xtensa-esp-elf/bin/
LIBRARY_PATH=/opt/esp/tools/xtensa-esp-elf/esp-13.2.0_20230928/xtensa-esp-elf/bin/../lib/gcc/xtensa-esp-elf/13.2.0/esp32s3/:/opt/esp/tools/xtensa-esp-elf/esp-13.2.0_20230928/xtensa-esp-elf/bin/../lib/gcc/xtensa-esp-elf/13.2.0/../../../../xtensa-esp-elf/lib/esp32s3/:/opt/esp/tools/xtensa-esp-elf/esp-13.2.0_20230928/xtensa-esp-elf/bin/../lib/gcc/xtensa-esp-elf/13.2.0/:/opt/esp/tools/xtensa-esp-elf/esp-13.2.0_20230928/xtensa-esp-elf/bin/../lib/gcc/:/opt/esp/tools/xtensa-esp-elf/esp-13.2.0_20230928/xtensa-esp-elf/bin/../lib/gcc/xtensa-esp-elf/13.2.0/../../../../xtensa-esp-elf/lib/
COLLECT_GCC_OPTIONS='-mdynconfig=xtensa_esp32s3.so' '-mlongcalls' '-fno-builtin-memcpy' '-fno-builtin-memset' '-fno-builtin-bzero' '-fno-builtin-stpcpy' '-fno-builtin-strncpy' '-v' '-o' 'CMakeFiles/cmTC_c6ec0.dir/CMakeCCompilerABI.c.obj' '-c' '-dumpdir' 'CMakeFiles/cmTC_c6ec0.dir/CMakeCCompilerABI.c.'
[2/2] Linking C executable cmTC_c6ec0
Using built-in specs.
COLLECT_GCC=/opt/esp/tools/xtensa-esp-elf/esp-13.2.0_20230928/xtensa-esp-elf/bin/xtensa-esp-elf-gcc
COLLECT_LTO_WRAPPER=/opt/esp/tools/xtensa-esp-elf/esp-13.2.0_20230928/xtensa-esp-elf/bin/../libexec/gcc/xtensa-esp-elf/13.2.0/lto-wrapper
Target: xtensa-esp-elf
Configured with: /builds/idf/crosstool-NG/.build/xtensa-esp-elf/src/gcc/configure --build=x86_64-build_pc-linux-gnu --host=x86_64-build_pc-linux-gnu --target=xtensa-esp-elf --prefix=/builds/idf/crosstool-NG/builds/xtensa-esp-elf --exec_prefix=/builds/idf/crosstool-NG/builds/xtensa-esp-elf --with-local-prefix=/builds/idf/crosstool-NG/builds/xtensa-esp-elf/xtensa-esp-elf --with-headers=/builds/idf/crosstool-NG/builds/xtensa-esp-elf/xtensa-esp-elf/include --with-newlib --enable-threads=no --disable-shared --with-pkgversion='crosstool-NG esp-13.2.0_20230928' --disable-__cxa_atexit --enable-cxx-flags=-ffunction-sections --disable-libgomp --disable-libmudflap --disable-libmpx --disable-libssp --disable-libquadmath --disable-libquadmath-support --disable-libstdcxx-verbose --with-gmp=/builds/idf/crosstool-NG/.build/xtensa-esp-elf/buildtools --with-mpfr=/builds/idf/crosstool-NG/.build/xtensa-esp-elf/buildtools --with-mpc=/builds/idf/crosstool-NG/.build/xtensa-esp-elf/buildtools --with-isl=/builds/idf/crosstool-NG/.build/xtensa-esp-elf/buildtools --enable-lto --enable-target-optspace --without-long-double-128 --disable-nls --enable-multiarch --enable-languages=c,c++ --disable-libstdcxx-verbose --enable-threads=posix --enable-gcov-custom-rtio --enable-libstdcxx-time=yes
Thread model: posix
Supported LTO compression algorithms: zlib
gcc version 13.2.0 (crosstool-NG esp-13.2.0_20230928) 
COMPILER_PATH=/opt/esp/tools/xtensa-esp-elf/esp-13.2.0_20230928/xtensa-esp-elf/bin/../libexec/gcc/xtensa-esp-elf/13.2.0/:/opt/esp/tools/xtensa-esp-elf/esp-13.2.0_20230928/xtensa-esp-elf/bin/../libexec/gcc/:/opt/esp/tools/xtensa-esp-elf/esp-13.2.0_20230928/xtensa-esp-elf/bin/../lib/gcc/xtensa-esp-elf/13.2.0/../../../../xtensa-esp-elf/bin/
LIBRARY_PATH=/opt/esp/tools/xtensa-esp-elf/esp-13.2.0_20230928/xtensa-esp-elf/bin/../lib/gcc/xtensa-esp-elf/13.2.0/esp32s3/:/opt/esp/tools/xtensa-esp-elf/esp-13.2.0_20230928/xtensa-esp-elf/bin/../lib/gcc/xtensa-esp-elf/13.2.0/../../../../xtensa-esp-elf/lib/esp32s3/:/opt/esp/tools/xtensa-esp-elf/esp-13.2.0_20230928/xtensa-esp-elf/bin/../lib/gcc/xtensa-esp-elf/13.2.0/:/opt/esp/tools/xtensa-esp-elf/esp-13.2.0_20230928/xtensa-esp-elf/bin/../lib/gcc/:/opt/esp/tools/xtensa-esp-elf/esp-13.2.0_20230928/xtensa-esp-elf/bin/../lib/gcc/xtensa-esp-elf/13.2.0/../../../../xtensa-esp-elf/lib/
COLLECT_GCC_OPTIONS='-mdynconfig=xtensa_esp32s3.so' '-mlongcalls' '-fno-builtin-memcpy' '-fno-builtin-memset' '-fno-builtin-bzero' '-fno-builtin-stpcpy' '-fno-builtin-strncpy' '-v' '-o' 'cmTC_c6ec0' '-dumpdir' 'cmTC_c6ec0.'
 /opt/esp/tools/xtensa-esp-elf/esp-13.2.0_20230928/xtensa-esp-elf/bin/../libexec/gcc/xtensa-esp-elf/13.2.0/collect2 -plugin /opt/esp/tools/xtensa-esp-elf/esp-13.2.0_20230928/xtensa-esp-elf/bin/../libexec/gcc/xtensa-esp-elf/13.2.0/liblto_plugin.so -plugin-opt=/opt/esp/tools/xtensa-esp-elf/esp-13.2.0_20230928/xtensa-esp-elf/bin/../libexec/gcc/xtensa-esp-elf/13.2.0/lto-wrapper -plugin-opt=-fresolution=/tmp/cc77Rwru.res -plugin-opt=-pass-through=-lgcc -plugin-opt=-pass-through=-lc -plugin-opt=-pass-through=-lnosys -plugin-opt=-pass-through=-lc -plugin-opt=-pass-through=-lgcc --dynconfig=xtensa_esp32s3.so -o cmTC_c6ec0 /opt/esp/tools/xtensa-esp-elf/esp-13.2.0_20230928/xtensa-esp-elf/bin/../lib/gcc/xtensa-esp-elf/13.2.0/../../../../xtensa-esp-elf/lib/esp32s3/crt0.o /opt/esp/tools/xtensa-esp-elf/esp-13.2.0_20230928/xtensa-esp-elf/bin/../lib/gcc/xtensa-esp-elf/13.2.0/esp32s3/crti.o /opt/esp/tools/xtensa-esp-elf/esp-13.2.0_20230928/xtensa-esp-elf/bin/../lib/gcc/xtensa-esp-elf/13.2.0/esp32s3/crtbegin.o -L/opt/esp/tools/xtensa-esp-elf/esp-13.2.0_20230928/xtensa-esp-elf/bin/../lib/gcc/xtensa-esp-elf/13.2.0/esp32s3 -L/opt/esp/tools/xtensa-esp-elf/esp-13.2.0_20230928/xtensa-esp-elf/bin/../lib/gcc/xtensa-esp-elf/13.2.0/../../../../xtensa-esp-elf/lib/esp32s3 -L/opt/esp/tools/xtensa-esp-elf/esp-13.2.0_20230928/xtensa-esp-elf/bin/../lib/gcc/xtensa-esp-elf/13.2.0 -L/opt/esp/tools/xtensa-esp-elf/esp-13.2.0_20230928/xtensa-esp-elf/bin/../lib/gcc -L/opt/esp/tools/xtensa-esp-elf/esp-13.2.0_20230928/xtensa-esp-elf/bin/../lib/gcc/xtensa-esp-elf/13.2.0/../../../../xtensa-esp-elf/lib CMakeFiles/cmTC_c6ec0.dir/CMakeCCompilerABI.c.obj -lgcc -lc -lnosys -lc -lgcc /opt/esp/tools/xtensa-esp-elf/esp-13.2.0_20230928/xtensa-esp-elf/bin/../lib/gcc/xtensa-esp-elf/13.2.0/esp32s3/crtend.o /opt/esp/tools/xtensa-esp-elf/esp-13.2.0_20230928/xtensa-esp-elf/bin/../lib/gcc/xtensa-esp-elf/13.2.0/esp32s3/crtn.o
COLLECT_GCC_OPTIONS='-mdynconfig=xtensa_esp32s3.so' '-mlongcalls' '-fno-builtin-memcpy' '-fno-builtin-memset' '-fno-builtin-bzero' '-fno-builtin-stpcpy' '-fno-builtin-strncpy' '-v' '-o' 'cmTC_c6ec0' '-dumpdir' 'cmTC_c6ec0.'



Parsed C implicit include dir info from above output: rv=done
  found start of include info
  found start of implicit include info
    add: [/opt/esp/tools/xtensa-esp-elf/esp-13.2.0_20230928/xtensa-esp-elf/bin/../lib/gcc/xtensa-esp-elf/13.2.0/include]
    add: [/opt/esp/tools/xtensa-esp-elf/esp-13.2.0_20230928/xtensa-esp-elf/bin/../lib/gcc/xtensa-esp-elf/13.2.0/include-fixed]
    add: [/opt/esp/tools/xtensa-esp-elf/esp-13.2.0_20230928/xtensa-esp-elf/bin/../lib/gcc/xtensa-esp-elf/13.2.0/../../../../xtensa-esp-elf/sys-include]
    add: [/opt/esp/tools/xtensa-esp-elf/esp-13.2.0_20230928/xtensa-esp-elf/bin/../lib/gcc/xtensa-esp-elf/13.2.0/../../../../xtensa-esp-elf/include]
  end of search list found
  collapse include dir [/opt/esp/tools/xtensa-esp-elf/esp-13.2.0_20230928/xtensa-esp-elf/bin/../lib/gcc/xtensa-esp-elf/13.2.0/include] ==> [/opt/esp/tools/xtensa-esp-elf/esp-13.2.0_20230928/xtensa-esp-elf/lib/gcc/xtensa-esp-elf/13.2.0/include]
  collapse include dir [/opt/esp/tools/xtensa-esp-elf/esp-13.2.0_20230928/xtensa-esp-elf/bin/../lib/gcc/xtensa-esp-elf/13.2.0/include-fixed] ==> [/opt/esp/tools/xtensa-esp-elf/esp-13.2.0_20230928/xtensa-esp-elf/lib/gcc/xtensa-esp-elf/13.2.0/include-fixed]
  collapse include dir [/opt/esp/tools/xtensa-esp-elf/esp-13.2.0_20230928/xtensa-esp-elf/bin/../lib/gcc/xtensa-esp-elf/13.2.0/../../../../xtensa-esp-elf/sys-include] ==> [/opt/esp/tools/xtensa-esp-elf/esp-13.2.0_20230928/xtensa-esp-elf/xtensa-esp-elf/sys-include]
  collapse include dir [/opt/esp/tools/xtensa-esp-elf/esp-13.2.0_20230928/xtensa-esp-elf/bin/../lib/gcc/xtensa-esp-elf/13.2.0/../../../../xtensa-esp-elf/include] ==> [/opt/esp/tools/xtensa-esp-elf/esp-13.2.0_20230928/xtensa-esp-elf/xtensa-esp-elf/include]
  implicit include dirs: [/opt/esp/tools/xtensa-esp-elf/esp-13.2.0_20230928/xtensa-esp-elf/lib/gcc/xtensa-esp-elf/13.2.0/include;/opt/esp/tools/xtensa-esp-elf/esp-13.2.0_20230928/xtensa-esp-elf/lib/gcc/xtensa-esp-elf/13.2.0/include-fixed;/opt/esp/tools/xtensa-esp-elf/esp-13.2.0_20230928/xtensa-esp-elf/xtensa-esp-elf/sys-include;/opt/esp/tools/xtensa-esp-elf/esp-13.2.0_20230928/xtensa-esp-elf/xtensa-esp-elf/include]


Parsed C implicit link information from above output:
  link line regex: [^( *|.*[/\])(xtensa-esp32s3-elf-ld|CMAKE_LINK_STARTFILE-NOTFOUND|([^/\]+-)?ld|collect2)[^/\]*( |$)]
  ignore line: [Change Dir: /project/build/CMakeFiles/CMakeTmp]
  ignore line: []
  ignore line: [Run Build Command(s):/usr/bin/ninja cmTC_c6ec0 && [1/2] Building C object CMakeFiles/cmTC_c6ec0.dir/CMakeCCompilerABI.c.obj]
  ignore line: [Using built-in specs.]
  ignore line: [COLLECT_GCC=/opt/esp/tools/xtensa-esp-elf/esp-13.2.0_20230928/xtensa-esp-elf/bin/xtensa-esp-elf-gcc]
  ignore line: [Target: xtensa-esp-elf]
  ignore line: [Configured with: /builds/idf/crosstool-NG/.build/xtensa-esp-elf/src/gcc/configure --build=x86_64-build_pc-linux-gnu --host=x86_64-build_pc-linux-gnu --target=xtensa-esp-elf --prefix=/builds/idf/crosstool-NG/builds/xtensa-esp-elf --exec_prefix=/builds/idf/crosstool-NG/builds/xtensa-esp-elf --with-local-prefix=/builds/idf/crosstool-NG/builds/xtensa-esp-elf/xtensa-esp-elf --with-headers=/builds/idf/crosstool-NG/builds/xtensa-esp-elf/xtensa-esp-elf/include --with-newlib --enable-threads=no --disable-shared --with-pkgversion='crosstool-NG esp-13.2.0_20230928' --disable-__cxa_atexit --enable-cxx-flags=-ffunction-sections --disable-libgomp --disable-libmudflap --disable-libmpx --disable-libssp --disable-libquadmath --disable-libquadmath-support --disable-libstdcxx-verbose --with-gmp=/builds/idf/crosstool-NG/.build/xtensa-esp-elf/buildtools --with-mpfr=/builds/idf/crosstool-NG/.build/xtensa-esp-elf/buildtools --with-mpc=/builds/idf/crosstool-NG/.build/xtensa-esp-elf/buildtools --with-isl=/builds/idf/crosstool-NG/.build/xtensa-esp-elf/buildtools --enable-lto --enable-target-optspace --without-long-double-128 --disable-nls --enable-multiarch --enable-languages=c c++ --disable-libstdcxx-verbose --enable-threads=posix --enable-gcov-custom-rtio --enable-libstdcxx-time=yes]
  ignore line: [Thread model: posix]
  ignore line: [Supported LTO compression algorithms: zlib]
  ignore line: [gcc version 13.2.0 (crosstool-NG esp-13.2.0_20230928) ]
  ignore line: [COLLECT_GCC_OPTIONS='-mdynconfig=xtensa_esp32s3.so' '-mlongcalls' '-fno-builtin-memcpy' '-fno-builtin-memset' '-fno-builtin-bzero' '-fno-builtin-stpcpy' '-fno-builtin-strncpy' '-v' '-o' 'CMakeFiles/cmTC_c6ec0.dir/CMakeCCompilerABI.c.obj' '-c' '-dumpdir' 'CMakeFiles/cmTC_c6ec0.dir/']
  ignore line: [ /opt/esp/tools/xtensa-esp-elf/esp-13.2.0_20230928/xtensa-esp-elf/bin/../libexec/gcc/xtensa-esp-elf/13.2.0/cc1 -quiet -v -imultilib esp32s3 -iprefix /opt/esp/tools/xtensa-esp-elf/esp-13.2.0_20230928/xtensa-esp-elf/bin/../lib/gcc/xtensa-esp-elf/13.2.0/ /opt/esp/tools/cmake/3.24.0/share/cmake-3.24/Modules/CMakeCCompilerABI.c -quiet -dumpdir CMakeFiles/cmTC_c6ec0.dir/ -dumpbase CMakeCCompilerABI.c.c -dumpbase-ext .c -mdynconfig=xtensa_esp32s3.so -mlongcalls -version -fno-builtin-memcpy -fno-builtin-memset -fno-builtin-bzero -fno-builtin-stpcpy -fno-builtin-strncpy -o /tmp/ccnpqnh4.s]
  ignore line: [GNU C17 (crosstool-NG esp-13.2.0_20230928) version 13.2.0 (xtensa-esp-elf)]
  ignore line: [	compiled by GNU C version 4.9.2  GMP version 6.2.1  MPFR version 4.1.0  MPC version 1.2.1  isl version isl-0.24-GMP]
  ignore line: []
  ignore line: [GGC heuristics: --param ggc-min-expand=100 --param ggc-min-heapsize=131072]
  ignore line: [ignoring duplicate directory "/opt/esp/tools/xtensa-esp-elf/esp-13.2.0_20230928/xtensa-esp-elf/bin/../lib/gcc/../../lib/gcc/xtensa-esp-elf/13.2.0/include"]
  ignore line: [ignoring duplicate directory "/opt/esp/tools/xtensa-esp-elf/esp-13.2.0_20230928/xtensa-esp-elf/bin/../lib/gcc/../../lib/gcc/xtensa-esp-elf/13.2.0/include-fixed"]
  ignore line: [ignoring duplicate directory "/opt/esp/tools/xtensa-esp-elf/esp-13.2.0_20230928/xtensa-esp-elf/bin/../lib/gcc/../../lib/gcc/xtensa-esp-elf/13.2.0/../../../../xtensa-esp-elf/sys-include"]
  ignore line: [ignoring duplicate directory "/opt/esp/tools/xtensa-esp-elf/esp-13.2.0_20230928/xtensa-esp-elf/bin/../lib/gcc/../../lib/gcc/xtensa-esp-elf/13.2.0/../../../../xtensa-esp-elf/include"]
  ignore line: [#include "..." search starts here:]
  ignore line: [#include <...> search starts here:]
  ignore line: [ /opt/esp/tools/xtensa-esp-elf/esp-13.2.0_20230928/xtensa-esp-elf/bin/../lib/gcc/xtensa-esp-elf/13.2.0/include]
  ignore line: [ /opt/esp/tools/xtensa-esp-elf/esp-13.2.0_20230928/xtensa-esp-elf/bin/../lib/gcc/xtensa-esp-elf/13.2.0/include-fixed]
  ignore line: [ /opt/esp/tools/xtensa-esp-elf/esp-13.2.0_20230928/xtensa-esp-elf/bin/../lib/gcc/xtensa-esp-elf/13.2.0/../../../../xtensa-esp-elf/sys-include]
  ignore line: [ /opt/esp/tools/xtensa-esp-elf/esp-13.2.0_20230928/xtensa-esp-elf/bin/../lib/gcc/xtensa-esp-elf/13.2.0/../../../../xtensa-esp-elf/include]
  ignore line: [End of search list.]
  ignore line: [Compiler executable checksum: 4539739640aaddb8d2d8a8b528c1da63]
  ignore line: [COLLECT_GCC_OPTIONS='-mdynconfig=xtensa_esp32s3.so' '-mlongcalls' '-fno-builtin-memcpy' '-fno-builtin-memset' '-fno-builtin-bzero' '-fno-builtin-stpcpy' '-fno-builtin-strncpy' '-v' '-o' 'CMakeFiles/cmTC_c6ec0.dir/CMakeCCompilerABI.c.obj' '-c' '-dumpdir' 'CMakeFiles/cmTC_c6ec0.dir/']
  ignore line: [ /opt/esp/tools/xtensa-esp-elf/esp-13.2.0_20230928/xtensa-esp-elf/bin/../lib/gcc/xtensa-esp-elf/13.2.0/../../../../xtensa-esp-elf/bin/as --traditional-format --longcalls --dynconfig=xtensa_esp32s3.so -o CMakeFiles/cmTC_c6ec0.dir/CMakeCCompilerABI.c.obj /tmp/ccnpqnh4.s]
  ignore line: [COMPILER_PATH=/opt/esp/tools/xtensa-esp-elf/esp-13.2.0_20230928/xtensa-esp-elf/bin/../libexec/gcc/xtensa-esp-elf/13.2.0/:/opt/esp/tools/xtensa-esp-elf/esp-13.2.0_20230928/xtensa-esp-elf/bin/../libexec/gcc/:/opt/esp/tools/xtensa-esp-elf/esp-13.2.0_20230928/xtensa-esp-elf/bin/../lib/gcc/xtensa-esp-elf/13.2.0/../../../../xtensa-esp-elf/bin/]
  ignore line: [LIBRARY_PATH=/opt/esp/tools/xtensa-esp-elf/esp-13.2.0_20230928/xtensa-esp-elf/bin/../lib/gcc/xtensa-esp-elf/13.2.0/esp32s3/:/opt/esp/tools/xtensa-esp-elf/esp-13.2.0_20230928/xtensa-esp-elf/bin/../lib/gcc/xtensa-esp-elf/13.2.0/../../../../xtensa-esp-elf/lib/esp32s3/:/opt/esp/tools/xtensa-esp-elf/esp-13.2.0_20230928/xtensa-esp-elf/bin/../lib/gcc/xtensa-esp-elf/13.2.0/:/opt/esp/tools/xtensa-esp-elf/esp-13.2.0_20230928/xtensa-esp-elf/bin/../lib/gcc/:/opt/esp/tools/xtensa-esp-elf/esp-13.2.0_20230928/xtensa-esp-elf/bin/../lib/gcc/xtensa-esp-elf/13.2.0/../../../../xtensa-esp-elf/lib/]
  ignore line: [COLLECT_GCC_OPTIONS='-mdynconfig=xtensa_esp32s3.so' '-mlongcalls' '-fno-builtin-memcpy' '-fno-builtin-memset' '-fno-builtin-bzero' '-fno-builtin-stpcpy' '-fno-builtin-strncpy' '-v' '-o' 'CMakeFiles/cmTC_c6ec0.dir/CMakeCCompilerABI.c.obj' '-c' '-dumpdir' 'CMakeFiles/cmTC_c6ec0.dir/CMakeCCompilerABI.c.']
  ignore line: [[2/2] Linking C executable cmTC_c6ec0]
  ignore line: [Using built-in specs.]
  ignore line: [COLLECT_GCC=/opt/esp/tools/xtensa-esp-elf/esp-13.2.0_20230928/xtensa-esp-elf/bin/xtensa-esp-elf-gcc]
  ignore line: [COLLECT_LTO_WRAPPER=/opt/esp/tools/xtensa-esp-elf/esp-13.2.0_20230928/xtensa-esp-elf/bin/../libexec/gcc/xtensa-esp-elf/13.2.0/lto-wrapper]
  ignore line: [Target: xtensa-esp-elf]
  ignore line: [Configured with: /builds/idf/crosstool-NG/.build/xtensa-esp-elf/src/gcc/configure --build=x86_64-build_pc-linux-gnu --host=x86_64-build_pc-linux-gnu --target=xtensa-esp-elf --prefix=/builds/idf/crosstool-NG/builds/xtensa-esp-elf --exec_prefix=/builds/idf/crosstool-NG/builds/xtensa-esp-elf --with-local-prefix=/builds/idf/crosstool-NG/builds/xtensa-esp-elf/xtensa-esp-elf --with-headers=/builds/idf/crosstool-NG/builds/xtensa-esp-elf/xtensa-esp-elf/include --with-newlib --enable-threads=no --disable-shared --with-pkgversion='crosstool-NG esp-13.2.0_20230928' --disable-__cxa_atexit --enable-cxx-flags=-ffunction-sections --disable-libgomp --disable-libmudflap --disable-libmpx --disable-libssp --disable-libquadmath --disable-libquadmath-support --disable-libstdcxx-verbose --with-gmp=/builds/idf/crosstool-NG/.build/xtensa-esp-elf/buildtools --with-mpfr=/builds/idf/crosstool-NG/.build/xtensa-esp-elf/buildtools --with-mpc=/builds/idf/crosstool-NG/.build/xtensa-esp-elf/buildtools --with-isl=/builds/idf/crosstool-NG/.build/xtensa-esp-elf/buildtools --enable-lto --enable-target-optspace --without-long-double-128 --disable-nls --enable-multiarch --enable-languages=c c++ --disable-libstdcxx-verbose --enable-threads=posix --enable-gcov-custom-rtio --enable-libstdcxx-time=yes]
  ignore line: [Thread model: posix]
  ignore line: [Supported LTO compression algorithms: zlib]
  ignore line: [gcc version 13.2.0 (crosstool-NG esp-13.2.0_20230928) ]
  ignore line: [COMPILER_PATH=/opt/esp/tools/xtensa-esp-elf/esp-13.2.0_20230928/xtensa-esp-elf/bin/../libexec/gcc/xtensa-esp-elf/13.2.0/:/opt/esp/tools/xtensa-esp-elf/esp-13.2.0_20230928/xtensa-esp-elf/bin/../libexec/gcc/:/opt/esp/tools/xtensa-esp-elf/esp-13.2.0_20230928/xtensa-esp-elf/bin/../lib/gcc/xtensa-esp-elf/13.2.0/../../../../xtensa-esp-elf/bin/]
  ignore line: [LIBRARY_PATH=/opt/esp/tools/xtensa-esp-elf/esp-13.2.0_20230928/xtensa-esp-elf/bin/../lib/gcc/xtensa-esp-elf/13.2.0/esp32s3/:/opt/esp/tools/xtensa-esp-elf/esp-13.2.0_20230928/xtensa-esp-elf/bin/../lib/gcc/xtensa-esp-elf/13.2.0/../../../../xtensa-esp-elf/lib/esp32s3/:/opt/esp/tools/xtensa-esp-elf/esp-13.2.0_20230928/xtensa-esp-elf/bin/../lib/gcc/xtensa-esp-elf/13.2.0/:/opt/esp/tools/xtensa-esp-elf/esp-13.2.0_20230928/xtensa-esp-elf/bin/../lib/gcc/:/opt/esp/tools/xtensa-esp-elf/esp-13.2.0_20230928/xtensa-esp-elf/bin/../lib/gcc/xtensa-esp-elf/13.2.0/../../../../xtensa-esp-elf/lib/]
  ignore line: [COLLECT_GCC_OPTIONS='-mdynconfig=xtensa_esp32s3.so' '-mlongcalls' '-fno-builtin-memcpy' '-fno-builtin-memset' '-fno-builtin-bzero' '-fno-builtin-stpcpy' '-fno-builtin-strncpy' '-v' '-o' 'cmTC_c6ec0' '-dumpdir' 'cmTC_c6ec0.']
  link line: [ /opt/esp/tools/xtensa-esp-elf/esp-13.2.0_20230928/xtensa-esp-elf/bin/../libexec/gcc/xtensa-esp-elf/13.2.0/collect2 -plugin /opt/esp/tools/xtensa-esp-elf/esp-13.2.0_20230928/xtensa-esp-elf/bin/../libexec/gcc/xtensa-esp-elf/13.2.0/liblto_plugin.so -plugin-opt=/opt/esp/tools/xtensa-esp-elf/esp-13.2.0_20230928/xtensa-esp-elf/bin/../libexec/gcc/xtensa-esp-elf/13.2.0/lto-wrapper -plugin-opt=-fresolution=/tmp/cc77Rwru.res -plugin-opt=-pass-through=-lgcc -plugin-opt=-pass-through=-lc -plugin-opt=-pass-through=-lnosys -plugin-opt=-pass-through=-lc -plugin-opt=-pass-through=-lgcc --dynconfig=xtensa_esp32s3.so -o cmTC_c6ec0 /opt/esp/tools/xtensa-esp-elf/esp-13.2.0_20230928/xtensa-esp-elf/bin/../lib/gcc/xtensa-esp-elf/13.2.0/../../../../xtensa-esp-elf/lib/esp32s3/crt0.o /opt/esp/tools/xtensa-esp-elf/esp-13.2.0_20230928/xtensa-esp-elf/bin/../lib/gcc/xtensa-esp-elf/13.2.0/esp32s3/crti.o /opt/esp/tools/xtensa-esp-elf/esp-13.2.0_20230928/xtensa-esp-elf/bin/../lib/gcc/xtensa-esp-elf/13.2.0/esp32s3/crtbegin.o -L/opt/esp/tools/xtensa-esp-elf/esp-13.2.0_20230928/xtensa-esp-elf/bin/../lib/gcc/xtensa-esp-elf/13.2.0/esp32s3 -L/opt/esp/tools/xtensa-esp-elf/esp-13.2.0_20230928/xtensa-esp-elf/bin/../lib/gcc/xtensa-esp-elf/13.2.0/../../../../xtensa-esp-elf/lib/esp32s3 -L/opt/esp/tools/xtensa-esp-elf/esp-13.2.0_20230928/xtensa-esp-elf/bin/../lib/gcc/xtensa-esp-elf/13.2.0 -L/opt/esp/tools/xtensa-esp-elf/esp-13.2.0_20230928/xtensa-esp-elf/bin/../lib/gcc -L/opt/esp/tools/xtensa-esp-elf/esp-13.2.0_20230928/xtensa-esp-elf/bin/../lib/gcc/xtensa-esp-elf/13.2.0/../../../../xtensa-esp-elf/lib CMakeFiles/cmTC_c6ec0.dir/CMakeCCompilerABI.c.obj -lgcc -lc -lnosys -lc -lgcc /opt/esp/tools/xtensa-esp-elf/esp-13.2.0_20230928/xtensa-esp-elf/bin/../lib/gcc/xtensa-esp-elf/13.2.0/esp32s3/crtend.o /opt/esp/tools/xtensa-esp-elf/esp-13.2.0_20230928/xtensa-esp-elf/bin/../lib/gcc/xtensa-esp-elf/13.2.0/esp32s3/crtn.o]
    arg [/opt/esp/tools/xtensa-esp-elf/esp-13.2.0_20230928/xtensa-esp-elf/bin/../libexec/gcc/xtensa-esp-elf/13.2.0/collect2] ==> ignore
    arg [-plugin] ==> ignore
    arg [/opt/esp/tools/xtensa-esp-elf/esp-13.2.0_20230928/xtensa-esp-elf/bin/../libexec/gcc/xtensa-esp-elf/13.2.0/liblto_plugin.so] ==> ignore
    arg [-plugin-opt=/opt/esp/tools/xtensa-esp-elf/esp-13.2.0_20230928/xtensa-esp-elf/bin/../libexec/gcc/xtensa-esp-elf/13.2.0/lto-wrapper] ==> ignore
    arg [-plugin-opt=-fresolution=/tmp/cc77Rwru.res] ==> ignore
    arg [-plugin-opt=-pass-through=-lgcc] ==> ignore
    arg [-plugin-opt=-pass-through=-lc] ==> ignore
    arg [-plugin-opt=-pass-through=-lnosys] ==> ignore
    arg [-plugin-opt=-pass-through=-lc] ==> ignore
    arg [-plugin-opt=-pass-through=-lgcc] ==> ignore
    arg [--dynconfig=xtensa_esp32s3.so] ==> ignore
    arg [-o] ==> ignore
    arg [cmTC_c6ec0] ==> ignore
    arg [/opt/esp/tools/xtensa-esp-elf/esp-13.2.0_20230928/xtensa-esp-elf/bin/../lib/gcc/xtensa-esp-elf/13.2.0/../../../../xtensa-esp-elf/lib/esp32s3/crt0.o] ==> obj [/opt/esp/tools/xtensa-esp-elf/esp-13.2.0_20230928/xtensa-esp-elf/bin/../lib/gcc/xtensa-esp-elf/13.2.0/../../../../xtensa-esp-elf/lib/esp32s3/crt0.o]
    arg [/opt/esp/tools/xtensa-esp-elf/esp-13.2.0_20230928/xtensa-esp-elf/bin/../lib/gcc/xtensa-esp-elf/13.2.0/esp32s3/crti.o] ==> obj [/opt/esp/tools/xtensa-esp-elf/esp-13.2.0_20230928/xtensa-esp-elf/bin/../lib/gcc/xtensa-esp-elf/13.2.0/esp32s3/crti.o]
    arg [/opt/esp/tools/xtensa-esp-elf/esp-13.2.0_20230928/xtensa-esp-elf/bin/../lib/gcc/xtensa-esp-elf/13.2.0/esp32s3/crtbegin.o] ==> obj [/opt/esp/tools/xtensa-esp-elf/esp-13.2.0_20230928/xtensa-esp-elf/bin/../lib/gcc/xtensa-esp-elf/13.2.0/esp32s3/crtbegin.o]
    arg [-L/opt/esp/tools/xtensa-esp-elf/esp-13.2.0_20230928/xtensa-esp-elf/bin/../lib/gcc/xtensa-esp-elf/13.2.0/esp32s3] ==> dir [/opt/esp/tools/xtensa-esp-elf/esp-13.2.0_20230928/xtensa-esp-elf/bin/../lib/gcc/xtensa-esp-elf/13.2.0/esp32s3]
    arg [-L/opt/esp/tools/xtensa-esp-elf/esp-13.2.0_20230928/xtensa-esp-elf/bin/../lib/gcc/xtensa-esp-elf/13.2.0/../../../../xtensa-esp-elf/lib/esp32s3] ==> dir [/opt/esp/tools/xtensa-esp-elf/esp-13.2.0_20230928/xtensa-esp-elf/bin/../lib/gcc/xtensa-esp-elf/13.2.0/../../../../xtensa-esp-elf/lib/esp32s3]
    arg [-L/opt/esp/tools/xtensa-esp-elf/esp-13.2.0_20230928/xtensa-esp-elf/bin/../lib/gcc/xtensa-esp-elf/13.2.0] ==> dir [/opt/esp/tools/xtensa-esp-elf/esp-13.2.0_20230928/xtensa-esp-elf/bin/../lib/gcc/xtensa-esp-elf/13.2.0]
    arg [-L/opt/esp/tools/xtensa-esp-elf/esp-13.2.0_20230928/xtensa-esp-elf/bin/../lib/gcc] ==> dir [/opt/esp/tools/xtensa-esp-elf/esp-13.2.0_20230928/xtensa-esp-elf/bin/../lib/gcc]
    arg [-L/opt/esp/tools/xtensa-esp-elf/esp-13.2.0_20230928/xtensa-esp-elf/bin/../lib/gcc/xtensa-esp-elf/13.2.0/../../../../xtensa-esp-elf/lib] ==> dir [/opt/esp/tools/xtensa-esp-elf/esp-13.2.0_20230928/xtensa-esp-elf/bin/../lib/gcc/xtensa-esp-elf/13.2.0/../../../../xtensa-esp-elf/lib]
    arg [CMakeFiles/cmTC_c6ec0.dir/CMakeCCompilerABI.c.obj] ==> ignore
    arg [-lgcc] ==> lib [gcc]
    arg [-lc] ==> lib [c]
    arg [-lnosys] ==> lib [nosys]
    arg [-lc] ==> lib [c]
    arg [-lgcc] ==> lib [gcc]
    arg [/opt/esp/tools/xtensa-esp-elf/esp-13.2.0_20230928/xtensa-esp-elf/bin/../lib/gcc/xtensa-esp-elf/13.2.0/esp32s3/crtend.o] ==> obj [/opt/esp/tools/xtensa-esp-elf/esp-13.2.0_20230928/xtensa-esp-elf/bin/../lib/gcc/xtensa-esp-elf/13.2.0/esp32s3/crtend.o]
    arg [/opt/esp/tools/xtensa-esp-elf/esp-13.2.0_20230928/xtensa-esp-elf/bin/../lib/gcc/xtensa-esp-elf/13.2.0/esp32s3/crtn.o] ==> obj [/opt/esp/tools/xtensa-esp-elf/esp-13.2.0_20230928/xtensa-esp-elf/bin/../lib/gcc/xtensa-esp-elf/13.2.0/esp32s3/crtn.o]
  collapse obj [/opt/esp/tools/xtensa-esp-elf/esp-13.2.0_20230928/xtensa-esp-elf/bin/../lib/gcc/xtensa-esp-elf/13.2.0/../../../../xtensa-esp-elf/lib/esp32s3/crt0.o] ==> [/opt/esp/tools/xtensa-esp-elf/esp-13.2.0_20230928/xtensa-esp-elf/xtensa-esp-elf/lib/esp32s3/crt0.o]
  collapse obj [/opt/esp/tools/xtensa-esp-elf/esp-13.2.0_20230928/xtensa-esp-elf/bin/../lib/gcc/xtensa-esp-elf/13.2.0/esp32s3/crti.o] ==> [/opt/esp/tools/xtensa-esp-elf/esp-13.2.0_20230928/xtensa-esp-elf/lib/gcc/xtensa-esp-elf/13.2.0/esp32s3/crti.o]
  collapse obj [/opt/esp/tools/xtensa-esp-elf/esp-13.2.0_20230928/xtensa-esp-elf/bin/../lib/gcc/xtensa-esp-elf/13.2.0/esp32s3/crtbegin.o] ==> [/opt/esp/tools/xtensa-esp-elf/esp-13.2.0_20230928/xtensa-esp-elf/lib/gcc/xtensa-esp-elf/13.2.0/esp32s3/crtbegin.o]
  collapse obj [/opt/esp/tools/xtensa-esp-elf/esp-13.2.0_20230928/xtensa-esp-elf/bin/../lib/gcc/xtensa-esp-elf/13.2.0/esp32s3/crtend.o] ==> [/opt/esp/tools/xtensa-esp-elf/esp-13.2.0_20230928/xtensa-esp-elf/lib/gcc/xtensa-esp-elf/13.2.0/esp32s3/crtend.o]
  collapse obj [/opt/esp/tools/xtensa-esp-elf/esp-13.2.0_20230928/xtensa-esp-elf/bin/../lib/gcc/xtensa-esp-elf/13.2.0/esp32s3/crtn.o] ==> [/opt/esp/tools/xtensa-esp-elf/esp-13.2.0_20230928/xtensa-esp-elf/lib/gcc/xtensa-esp-elf/13.2.0/esp32s3/crtn.o]
  collapse library dir [/opt/esp/tools/xtensa-esp-elf/esp-13.2.0_20230928/xtensa-esp-elf/bin/../lib/gcc/xtensa-esp-elf/13.2.0/esp32s3] ==> [/opt/esp/tools/xtensa-esp-elf/esp-13.2.0_20230928/xtensa-esp-elf/lib/gcc/xtensa-esp-elf/13.2.0/esp32s3]
  collapse library dir [/opt/esp/tools/xtensa-esp-elf/esp-13.2.0_20230928/xtensa-esp-elf/bin/../lib/gcc/xtensa-esp-elf/13.2.0/../../../../xtensa-esp-elf/lib/esp32s3] ==> [/opt/esp/tools/xtensa-esp-elf/esp-13.2.0_20230928/xtensa-esp-elf/xtensa-esp-elf/lib/esp32s3]
  collapse library dir [/opt/esp/tools/xtensa-esp-elf/esp-13.2.0_20230928/xtensa-esp-elf/bin/../lib/gcc/xtensa-esp-elf/13.2.0] ==> [/opt/esp/tools/xtensa-esp-elf/esp-13.2.0_20230928/xtensa-esp-elf/lib/gcc/xtensa-esp-elf/13.2.0]
  collapse library dir [/opt/esp/tools/xtensa-esp-elf/esp-13.2.0_20230928/xtensa-esp-elf/bin/../lib/gcc] ==> [/opt/esp/tools/xtensa-esp-elf/esp-13.2.0_20230928/xtensa-esp-elf/lib/gcc]
  collapse library dir [/opt/esp/tools/xtensa-esp-elf/esp-13.2.0_20230928/xtensa-esp-elf/bin/../lib/gcc/xtensa-esp-elf/13.2.0/../../../../xtensa-esp-elf/lib] ==> [/opt/esp/tools/xtensa-esp-elf/esp-13.2.0_20230928/xtensa-esp-elf/xtensa-esp-elf/lib]
  implicit libs: [gcc;c;nosys;c;gcc]
  implicit objs: [/opt/esp/tools/xtensa-esp-elf/esp-13.2.0_20230928/xtensa-esp-elf/xtensa-esp-elf/lib/esp32s3/crt0.o;/opt/esp/tools/xtensa-esp-elf/esp-13.2.0_20230928/xtensa-esp-elf/lib/gcc/xtensa-esp-elf/13.2.0/esp32s3/crti.o;/opt/esp/tools/xtensa-esp-elf/esp-13.2.0_20230928/xtensa-esp-elf/lib/gcc/xtensa-esp-elf/13.2.0/esp32s3/crtbegin.o;/opt/esp/tools/xtensa-esp-elf/esp-13.2.0_20230928/xtensa-esp-elf/lib/gcc/xtensa-esp-elf/13.2.0/esp32s3/crtend.o;/opt/esp/tools/xtensa-esp-elf/esp-13.2.0_20230928/xtensa-esp-elf/lib/gcc/xtensa-esp-elf/13.2.0/esp32s3/crtn.o]
  implicit dirs: [/opt/esp/tools/xtensa-esp-elf/esp-13.2.0_20230928/xtensa-esp-elf/lib/gcc/xtensa-esp-elf/13.2.0/esp32s3;/opt/esp/tools/xtensa-esp-elf/esp-13.2.0_20230928/xtensa-esp-elf/xtensa-esp-elf/lib/esp32s3;/opt/esp/tools/xtensa-esp-elf/esp-13.2.0_20230928/xtensa-esp-elf/lib/gcc/xtensa-esp-elf/13.2.0;/opt/esp/tools/xtensa-esp-elf/esp-13.2.0_20230928/xtensa-esp-elf/lib/gcc;/opt/esp/tools/xtensa-esp-elf/esp-13.2.0_20230928/xtensa-esp-elf/xtensa-esp-elf/lib]
  implicit fwks: []


Detecting CXX compiler ABI info compiled with the following output:
Change Dir: /project/build/CMakeFiles/CMakeTmp

Run Build Command(s):/usr/bin/ninja cmTC_fed41 && [1/2] Building CXX object CMakeFiles/cmTC_fed41.dir/CMakeCXXCompilerABI.cpp.obj
Using built-in specs.
COLLECT_GCC=/opt/esp/tools/xtensa-esp-elf/esp-13.2.0_20230928/xtensa-esp-elf/bin/xtensa-esp-elf-g++
Target: xtensa-esp-elf
Configured with: /builds/idf/crosstool-NG/.build/xtensa-esp-elf/src/gcc/configure --build=x86_64-build_pc-linux-gnu --host=x86_64-build_pc-linux-gnu --target=xtensa-esp-elf --prefix=/builds/idf/crosstool-NG/builds/xtensa-esp-elf --exec_prefix=/builds/idf/crosstool-NG/builds/xtensa-esp-elf --with-local-prefix=/builds/idf/crosstool-NG/builds/xtensa-esp-elf/xtensa-esp-elf --with-headers=/builds/idf/crosstool-NG/builds/xtensa-esp-elf/xtensa-esp-elf/include --with-newlib --enable-threads=no --disable-shared --with-pkgversion='crosstool-NG esp-13.2.0_20230928' --disable-__cxa_atexit --enable-cxx-flags=-ffunction-sections --disable-libgomp --disable-libmudflap --disable-libmpx --disable-libssp --disable-libquadmath --disable-libquadmath-support --disable-libstdcxx-verbose --with-gmp=/builds/idf/crosstool-NG/.build/xtensa-esp-elf/buildtools --with-mpfr=/builds/idf/crosstool-NG/.build/xtensa-esp-elf/buildtools --with-mpc=/builds/idf/crosstool-NG/.build/xtensa-esp-elf/buildtools --with-isl=/builds/idf/crosstool-NG/.build/xtensa-esp-elf/buildtools --enable-lto --enable-target-optspace --without-long-double-128 --disable-nls --enable-multiarch --enable-languages=c,c++ --disable-libstdcxx-verbose --enable-threads=posix --enable-gcov-custom-rtio --enable-libstdcxx-time=yes
Thread model: posix
Supported LTO compression algorithms: zlib
gcc version 13.2.0 (crosstool-NG esp-13.2.0_20230928) 
COLLECT_GCC_OPTIONS='-mdynconfig=xtensa_esp32s3.so' '-mlongcalls' '-fno-builtin-memcpy' '-fno-builtin-memset' '-fno-builtin-bzero' '-fno-builtin-stpcpy' '-fno-builtin-strncpy' '-v' '-o' 'CMakeFiles/cmTC_fed41.dir/CMakeCXXCompilerABI.cpp.obj' '-c' '-dumpdir' 'CMakeFiles/cmTC_fed41.dir/'
 /opt/esp/tools/xtensa-esp-elf/esp-13.2.0_20230928/xtensa-esp-elf/bin/../libexec/gcc/xtensa-esp-elf/13.2.0/cc1plus -quiet -v -imultilib esp32s3 -iprefix /opt/esp/tools/xtensa-esp-elf/esp-13.2.0_20230928/xtensa-esp-elf/bin/../lib/gcc/xtensa-esp-elf/13.2.0/ /opt/esp/tools/cmake/3.24.0/share/cmake-3.24/Modules/CMakeCXXCompilerABI.cpp -quiet -dumpdir CMakeFiles/cmTC_fed41.dir/ -dumpbase CMakeCXXCompilerABI.cpp.cpp -dumpbase-ext .cpp -mdynconfig=xtensa_esp32s3.so -mlongcalls -version -fno-builtin-memcpy -fno-builtin-memset -fno-builtin-bzero -fno-builtin-stpcpy -fno-builtin-strncpy -o /tmp/ccoHWrJ5.s
GNU C++17 (crosstool-NG esp-13.2.0_20230928) version 13.2.0 (xtensa-esp-elf)
	compiled by GNU C version 4.9.2, GMP version 6.2.1, MPFR version 4.1.0, MPC version 1.2.1, isl version isl-0.24-GMP

GGC heuristics: --param ggc-min-expand=100 --param ggc-min-heapsize=131072
ignoring duplicate directory "/opt/esp/tools/xtensa-esp-elf/esp-13.2.0_20230928/xtensa-esp-elf/bin/../lib/gcc/../../lib/gcc/xtensa-esp-elf/13.2.0/../../../../xtensa-esp-elf/include/c++/13.2.0"
ignoring duplicate directory "/opt/esp/tools/xtensa-esp-elf/esp-13.2.0_20230928/xtensa-esp-elf/bin/../lib/gcc/../../lib/gcc/xtensa-esp-elf/13.2.0/../../../../xtensa-esp-elf/include/c++/13.2.0/xtensa-esp-elf/esp32s3"
ignoring duplicate directory "/opt/esp/tools/xtensa-esp-elf/esp-13.2.0_20230928/xtensa-esp-elf/bin/../lib/gcc/../../lib/gcc/xtensa-esp-elf/13.2.0/../../../../xtensa-esp-elf/include/c++/13.2.0/backward"
ignoring duplicate directory "/opt/esp/tools/xtensa-esp-elf/esp-13.2.0_20230928/xtensa-esp-elf/bin/../lib/gcc/../../lib/gcc/xtensa-esp-elf/13.2.0/include"
ignoring duplicate directory "/opt/esp/tools/xtensa-esp-elf/esp-13.2.0_20230928/xtensa-esp-elf/bin/../lib/gcc/../../lib/gcc/xtensa-esp-elf/13.2.0/include-fixed"
ignoring duplicate directory "/opt/esp/tools/xtensa-esp-elf/esp-13.2.0_20230928/xtensa-esp-elf/bin/../lib/gcc/../../lib/gcc/xtensa-esp-elf/13.2.0/../../../../xtensa-esp-elf/sys-include"
ignoring duplicate directory "/opt/esp/tools/xtensa-esp-elf/esp-13.2.0_20230928/xtensa-esp-elf/bin/../lib/gcc/../../lib/gcc/xtensa-esp-elf/13.2.0/../../../../xtensa-esp-elf/include"
#include "..." search starts here:
#include <...> search starts here:
 /opt/esp/tools/xtensa-esp-elf/esp-13.2.0_20230928/xtensa-esp-elf/bin/../lib/gcc/xtensa-esp-elf/13.2.0/../../../../xtensa-esp-elf/include/c++/13.2.0
 /opt/esp/tools/xtensa-esp-elf/esp-13.2.0_20230928/xtensa-esp-elf/bin/../lib/gcc/xtensa-esp-elf/13.2.0/../../../../xtensa-esp-elf/include/c++/13.2.0/xtensa-esp-elf/esp32s3
 /opt/esp/tools/xtensa-esp-elf/esp-13.2.0_20230928/xtensa-esp-elf/bin/../lib/gcc/xtensa-esp-elf/13.2.0/../../../../xtensa-esp-elf/include/c++/13.2.0/backward
 /opt/esp/tools/xtensa-esp-elf/esp-13.2.0_20230928/xtensa-esp-elf/bin/../lib/gcc/xtensa-esp-elf/13.2.0/include
 /opt/esp/tools/xtensa-esp-elf/esp-13.2.0_20230928/xtensa-esp-elf/bin/../lib/gcc/xtensa-esp-elf/13.2.0/include-fixed
 /opt/esp/tools/xtensa-esp-elf/esp-13.2.0_20230928/xtensa-esp-elf/bin/../lib/gcc/xtensa-esp-elf/13.2.0/../../../../xtensa-esp-elf/sys-include
 /opt/esp/tools/xtensa-esp-elf/esp-13.2.0_20230928/xtensa-esp-elf/bin/../lib/gcc/xtensa-esp-elf/13.2.0/../../../../xtensa-esp-elf/include
End of search list.
Compiler executable checksum: a028436f3bbddb46fb1c3c82b1060db5
COLLECT_GCC_OPTIONS='-mdynconfig=xtensa_esp32s3.so' '-mlongcalls' '-fno-builtin-memcpy' '-fno-builtin-memset' '-fno-builtin-bzero' '-fno-builtin-stpcpy' '-fno-builtin-strncpy' '-v' '-o' 'CMakeFiles/cmTC_fed41.dir/CMakeCXXCompilerABI.cpp.obj' '-c' '-dumpdir' 'CMakeFiles/cmTC_fed41.dir/'
 /opt/esp/tools/xtensa-esp-elf/esp-13.2.0_20230928/xtensa-esp-elf/bin/../lib/gcc/xtensa-esp-elf/13.2.0/../../../../xtensa-esp-elf/bin/as --traditional-format --longcalls --dynconfig=xtensa_esp32s3.so -o CMakeFiles/cmTC_fed41.dir/CMakeCXXCompilerABI.cpp.obj /tmp/ccoHWrJ5.s
COMPILER_PATH=/opt/esp/tools/xtensa-esp-elf/esp-13.2.0_20230928/xtensa-esp-elf/bin/../libexec/gcc/xtensa-esp-elf/13.2.0/:/opt/esp/tools/xtensa-esp-elf/esp-13.2.0_20230928/xtensa-esp-elf/bin/../libexec/gcc/:/opt/esp/tools/xtensa-esp-elf/esp-13.2.0_20230928/xtensa-esp-elf/bin/../lib/gcc/xtensa-esp-elf/13.2.0/../../../../xtensa-esp-elf/bin/
LIBRARY_PATH=/opt/esp/tools/xtensa-esp-elf/esp-13.2.0_20230928/xtensa-esp-elf/bin/../lib/gcc/xtensa-esp-elf/13.2.0/esp32s3/:/opt/esp/tools/xtensa-esp-elf/esp-13.2.0_20230928/xtensa-esp-elf/bin/../lib/gcc/xtensa-esp-elf/13.2.0/../../../../xtensa-esp-elf/lib/esp32s3/:/opt/esp/tools/xtensa-esp-elf/esp-13.2.0_20230928/xtensa-esp-elf/bin/../lib/gcc/xtensa-esp-elf/13.2.0/:/opt/esp/tools/xtensa-esp-elf/esp-13.2.0_20230928/xtensa-esp-elf/bin/../lib/gcc/:/opt/esp/tools/xtensa-esp-elf/esp-13.2.0_20230928/xtensa-esp-elf/bin/../lib/gcc/xtensa-esp-elf/13.2.0/../../../../xtensa-esp-elf/lib/
COLLECT_GCC_OPTIONS='-mdynconfig=xtensa_esp32s3.so' '-mlongcalls' '-fno-builtin-memcpy' '-fno-builtin-memset' '-fno-builtin-bzero' '-fno-builtin-stpcpy' '-fno-builtin-strncpy' '-v' '-o' 'CMakeFiles/cmTC_fed41.dir/CMakeCXXCompilerABI.cpp.obj' '-c' '-dumpdir' 'CMakeFiles/cmTC_fed41.dir/CMakeCXXCompilerABI.cpp.'
[2/2] Linking CXX executable cmTC_fed41
Using built-in specs.
COLLECT_GCC=/opt/esp/tools/xtensa-esp-elf/esp-13.2.0_20230928/xtensa-esp-elf/bin/xtensa-esp-elf-g++
COLLECT_LTO_WRAPPER=/opt/esp/tools/xtensa-esp-elf/esp-13.2.0_20230928/xtensa-esp-elf/bin/../libexec/gcc/xtensa-esp-elf/13.2.0/lto-wrapper
Target: xtensa-esp-elf
Configured with: /builds/idf/crosstool-NG/.build/xtensa-esp-elf/src/gcc/configure --build=x86_64-build_pc-linux-gnu --host=x86_64-build_pc-linux-gnu --target=xtensa-esp-elf --prefix=/builds/idf/crosstool-NG/builds/xtensa-esp-elf --exec_prefix=/builds/idf/crosstool-NG/builds/xtensa-esp-elf --with-local-prefix=/builds/idf/crosstool-NG/builds/xtensa-esp-elf/xtensa-esp-elf --with-headers=/builds/idf/crosstool-NG/builds/xtensa-esp-elf/xtensa-esp-elf/include --with-newlib --enable-threads=no --disable-shared --with-pkgversion='crosstool-NG esp-13.2.0_20230928' --disable-__cxa_atexit --enable-cxx-flags=-ffunction-sections --disable-libgomp --disable-libmudflap --disable-libmpx --disable-libssp --disable-libquadmath --disable-libquadmath-support --disable-libstdcxx-verbose --with-gmp=/builds/idf/crosstool-NG/.build/xtensa-esp-elf/buildtools --with-mpfr=/builds/idf/crosstool-NG/.build/xtensa-esp-elf/buildtools --with-mpc=/builds/idf/crosstool-NG/.build/xtensa-esp-elf/buildtools --with-isl=/builds/idf/crosstool-NG/.build/xtensa-esp-elf/buildtools --enable-lto --enable-target-optspace --without-long-double-128 --disable-nls --enable-multiarch --enable-languages=c,c++ --disable-libstdcxx-verbose --enable-threads=posix --enable-gcov-custom-rtio --enable-libstdcxx-time=yes
Thread model: posix
Supported LTO compression algorithms: zlib
gcc version 13.2.0 (crosstool-NG esp-13.2.0_20230928) 
COMPILER_PATH=/opt/esp/tools/xtensa-esp-elf/esp-13.2.0_20230928/xtensa-esp-elf/bin/../libexec/gcc/xtensa-esp-elf/13.2.0/:/opt/esp/tools/xtensa-esp-elf/esp-13.2.0_20230928/xtensa-esp-elf/bin/../libexec/gcc/:/opt/esp/tools/xtensa-esp-elf/esp-13.2.0_20230928/xtensa-esp-elf/bin/../lib/gcc/xtensa-esp-elf/13.2.0/../../../../xtensa-esp-elf/bin/
LIBRARY_PATH=/opt/esp/tools/xtensa-esp-elf/esp-13.2.0_20230928/xtensa-esp-elf/bin/../lib/gcc/xtensa-esp-elf/13.2.0/esp32s3/:/opt/esp/tools/xtensa-esp-elf/esp-13.2.0_20230928/xtensa-esp-elf/bin/../lib/gcc/xtensa-esp-elf/13.2.0/../../../../xtensa-esp-elf/lib/esp32s3/:/opt/esp/tools/xtensa-esp-elf/esp-13.2.0_20230928/xtensa-esp-elf/bin/../lib/gcc/xtensa-esp-elf/13.2.0/:/opt/esp/tools/xtensa-esp-elf/esp-13.2.0_20230928/xtensa-esp-elf/bin/../lib/gcc/:/opt/esp/tools/xtensa-esp-elf/esp-13.2.0_20230928/xtensa-esp-elf/bin/../lib/gcc/xtensa-esp-elf/13.2.0/../../../../xtensa-esp-elf/lib/
COLLECT_GCC_OPTIONS='-mdynconfig=xtensa_esp32s3.so' '-mlongcalls' '-fno-builtin-memcpy' '-fno-builtin-memset' '-fno-builtin-bzero' '-fno-builtin-stpcpy' '-fno-builtin-strncpy' '-v' '-o' 'cmTC_fed41' '-dumpdir' 'cmTC_fed41.'
 /opt/esp/tools/xtensa-esp-elf/esp-13.2.0_20230928/xtensa-esp-elf/bin/../libexec/gcc/xtensa-esp-elf/13.2.0/collect2 -plugin /opt/esp/tools/xtensa-esp-elf/esp-13.2.0_20230928/xtensa-esp-elf/bin/../libexec/gcc/xtensa-esp-elf/13.2.0/liblto_plugin.so -plugin-opt=/opt/esp/tools/xtensa-esp-elf/esp-13.2.0_20230928/xtensa-esp-elf/bin/../libexec/gcc/xtensa-esp-elf/13.2.0/lto-wrapper -plugin-opt=-fresolution=/tmp/ccbo4cQk.res -plugin-opt=-pass-through=-lgcc -plugin-opt=-pass-through=-lc -plugin-opt=-pass-through=-lnosys -plugin-opt=-pass-through=-lc -plugin-opt=-pass-through=-lgcc --dynconfig=xtensa_esp32s3.so -o cmTC_fed41 /opt/esp/tools/xtensa-esp-elf/esp-13.2.0_20230928/xtensa-esp-elf/bin/../lib/gcc/xtensa-esp-elf/13.2.0/../../../../xtensa-esp-elf/lib/esp32s3/crt0.o /opt/esp/tools/xtensa-esp-elf/esp-13.2.0_20230928/xtensa-esp-elf/bin/../lib/gcc/xtensa-esp-elf/13.2.0/esp32s3/crti.o /opt/esp/tools/xtensa-esp-elf/esp-13.2.0_20230928/xtensa-esp-elf/bin/../lib/gcc/xtensa-esp-elf/13.2.0/esp32s3/crtbegin.o -L/opt/esp/tools/xtensa-esp-elf/esp-13.2.0_20230928/xtensa-esp-elf/bin/../lib/gcc/xtensa-esp-elf/13.2.0/esp32s3 -L/opt/esp/tools/xtensa-esp-elf/esp-13.2.0_20230928/xtensa-esp-elf/bin/../lib/gcc/xtensa-esp-elf/13.2.0/../../../../xtensa-esp-elf/lib/esp32s3 -L/opt/esp/tools/xtensa-esp-elf/esp-13.2.0_20230928/xtensa-esp-elf/bin/../lib/gcc/xtensa-esp-elf/13.2.0 -L/opt/esp/tools/xtensa-esp-elf/esp-13.2.0_20230928/xtensa-esp-elf/bin/../lib/gcc -L/opt/esp/tools/xtensa-esp-elf/esp-13.2.0_20230928/xtensa-esp-elf/bin/../lib/gcc/xtensa-esp-elf/13.2.0/../../../../xtensa-esp-elf/lib CMakeFiles/cmTC_fed41.dir/CMakeCXXCompilerABI.cpp.obj -lstdc++ -lm -lgcc -lc -lnosys -lc -lgcc /opt/esp/tools/xtensa-esp-elf/esp-13.2.0_20230928/xtensa-esp-elf/bin/../lib/gcc/xtensa-esp-elf/13.2.0/esp32s3/crtend.o /opt/esp/tools/xtensa-esp-elf/esp-13.2.0_20230928/xtensa-esp-elf/bin/../lib/gcc/xtensa-esp-elf/13.2.0/esp32s3/crtn.o
COLLECT_GCC_OPTIONS='-mdynconfig=xtensa_esp32s3.so' '-mlongcalls' '-fno-builtin-memcpy' '-fno-builtin-memset' '-fno-builtin-bzero' '-fno-builtin-stpcpy' '-fno-builtin-strncpy' '-v' '-o' 'cmTC_fed41' '-dumpdir' 'cmTC_fed41.'



Parsed CXX implicit include dir info from above output: rv=done
  found start of include info
  found start of implicit include info
    add: [/opt/esp/tools/xtensa-esp-elf/esp-13.2.0_20230928/xtensa-esp-elf/bin/../lib/gcc/xtensa-esp-elf/13.2.0/../../../../xtensa-esp-elf/include/c++/13.2.0]
    add: [/opt/esp/tools/xtensa-esp-elf/esp-13.2.0_20230928/xtensa-esp-elf/bin/../lib/gcc/xtensa-esp-elf/13.2.0/../../../../xtensa-esp-elf/include/c++/13.2.0/xtensa-esp-elf/esp32s3]
    add: [/opt/esp/tools/xtensa-esp-elf/esp-13.2.0_20230928/xtensa-esp-elf/bin/../lib/gcc/xtensa-esp-elf/13.2.0/../../../../xtensa-esp-elf/include/c++/13.2.0/backward]
    add: [/opt/esp/tools/xtensa-esp-elf/esp-13.2.0_20230928/xtensa-esp-elf/bin/../lib/gcc/xtensa-esp-elf/13.2.0/include]
    add: [/opt/esp/tools/xtensa-esp-elf/esp-13.2.0_20230928/xtensa-esp-elf/bin/../lib/gcc/xtensa-esp-elf/13.2.0/include-fixed]
    add: [/opt/esp/tools/xtensa-esp-elf/esp-13.2.0_20230928/xtensa-esp-elf/bin/../lib/gcc/xtensa-esp-elf/13.2.0/../../../../xtensa-esp-elf/sys-include]
    add: [/opt/esp/tools/xtensa-esp-elf/esp-13.2.0_20230928/xtensa-esp-elf/bin/../lib/gcc/xtensa-esp-elf/13.2.0/../../../../xtensa-esp-elf/include]
  end of search list found
  collapse include dir [/opt/esp/tools/xtensa-esp-elf/esp-13.2.0_20230928/xtensa-esp-elf/bin/../lib/gcc/xtensa-esp-elf/13.2.0/../../../../xtensa-esp-elf/include/c++/13.2.0] ==> [/opt/esp/tools/xtensa-esp-elf/esp-13.2.0_20230928/xtensa-esp-elf/xtensa-esp-elf/include/c++/13.2.0]
  collapse include dir [/opt/esp/tools/xtensa-esp-elf/esp-13.2.0_20230928/xtensa-esp-elf/bin/../lib/gcc/xtensa-esp-elf/13.2.0/../../../../xtensa-esp-elf/include/c++/13.2.0/xtensa-esp-elf/esp32s3] ==> [/opt/esp/tools/xtensa-esp-elf/esp-13.2.0_20230928/xtensa-esp-elf/xtensa-esp-elf/include/c++/13.2.0/xtensa-esp-elf/esp32s3]
  collapse include dir [/opt/esp/tools/xtensa-esp-elf/esp-13.2.0_20230928/xtensa-esp-elf/bin/../lib/gcc/xtensa-esp-elf/13.2.0/../../../../xtensa-esp-elf/include/c++/13.2.0/backward] ==> [/opt/esp/tools/xtensa-esp-elf/esp-13.2.0_20230928/xtensa-esp-elf/xtensa-esp-elf/include/c++/13.2.0/backward]
  collapse include dir [/opt/esp/tools/xtensa-esp-elf/esp-13.2.0_20230928/xtensa-esp-elf/bin/../lib/gcc/xtensa-esp-elf/13.2.0/include] ==> [/opt/esp/tools/xtensa-esp-elf/esp-13.2.0_20230928/xtensa-esp-elf/lib/gcc/xtensa-esp-elf/13.2.0/include]
  collapse include dir [/opt/esp/tools/xtensa-esp-elf/esp-13.2.0_20230928/xtensa-esp-elf/bin/../lib/gcc/xtensa-esp-elf/13.2.0/include-fixed] ==> [/opt/esp/tools/xtensa-esp-elf/esp-13.2.0_20230928/xtensa-esp-elf/lib/gcc/xtensa-esp-elf/13.2.0/include-fixed]
  collapse include dir [/opt/esp/tools/xtensa-esp-elf/esp-13.2.0_20230928/xtensa-esp-elf/bin/../lib/gcc/xtensa-esp-elf/13.2.0/../../../../xtensa-esp-elf/sys-include] ==> [/opt/esp/tools/xtensa-esp-elf/esp-13.2.0_20230928/xtensa-esp-elf/xtensa-esp-elf/sys-include]
  collapse include dir [/opt/esp/tools/xtensa-esp-elf/esp-13.2.0_20230928/xtensa-esp-elf/bin/../lib/gcc/xtensa-esp-elf/13.2.0/../../../../xtensa-esp-elf/include] ==> [/opt/esp/tools/xtensa-esp-elf/esp-13.2.0_20230928/xtensa-esp-elf/xtensa-esp-elf/include]
  implicit include dirs: [/opt/esp/tools/xtensa-esp-elf/esp-13.2.0_20230928/xtensa-esp-elf/xtensa-esp-elf/include/c++/13.2.0;/opt/esp/tools/xtensa-esp-elf/esp-13.2.0_20230928/xtensa-esp-elf/xtensa-esp-elf/include/c++/13.2.0/xtensa-esp-elf/esp32s3;/opt/esp/tools/xtensa-esp-elf/esp-13.2.0_20230928/xtensa-esp-elf/xtensa-esp-elf/include/c++/13.2.0/backward;/opt/esp/tools/xtensa-esp-elf/esp-13.2.0_20230928/xtensa-esp-elf/lib/gcc/xtensa-esp-elf/13.2.0/include;/opt/esp/tools/xtensa-esp-elf/esp-13.2.0_20230928/xtensa-esp-elf/lib/gcc/xtensa-esp-elf/13.2.0/include-fixed;/opt/esp/tools/xtensa-esp-elf/esp-13.2.0_20230928/xtensa-esp-elf/xtensa-esp-elf/sys-include;/opt/esp/tools/xtensa-esp-elf/esp-13.2.0_20230928/xtensa-esp-elf/xtensa-esp-elf/include]


Parsed CXX implicit link information from above output:
  link line regex: [^( *|.*[/\])(xtensa-esp32s3-elf-ld|CMAKE_LINK_STARTFILE-NOTFOUND|([^/\]+-)?ld|collect2)[^/\]*( |$)]
  ignore line: [Change Dir: /project/build/CMakeFiles/CMakeTmp]
  ignore line: []
  ignore line: [Run Build Command(s):/usr/bin/ninja cmTC_fed41 && [1/2] Building CXX object CMakeFiles/cmTC_fed41.dir/CMakeCXXCompilerABI.cpp.obj]
  ignore line: [Using built-in specs.]
  ignore line: [COLLECT_GCC=/opt/esp/tools/xtensa-esp-elf/esp-13.2.0_20230928/xtensa-esp-elf/bin/xtensa-esp-elf-g++]
  ignore line: [Target: xtensa-esp-elf]
  ignore line: [Configured with: /builds/idf/crosstool-NG/.build/xtensa-esp-elf/src/gcc/configure --build=x86_64-build_pc-linux-gnu --host=x86_64-build_pc-linux-gnu --target=xtensa-esp-elf --prefix=/builds/idf/crosstool-NG/builds/xtensa-esp-elf --exec_prefix=/builds/idf/crosstool-NG/builds/xtensa-esp-elf --with-local-prefix=/builds/idf/crosstool-NG/builds/xtensa-esp-elf/xtensa-esp-elf --with-headers=/builds/idf/crosstool-NG/builds/xtensa-esp-elf/xtensa-esp-elf/include --with-newlib --enable-threads=no --disable-shared --with-pkgversion='crosstool-NG esp-13.2.0_20230928' --disable-__cxa_atexit --enable-cxx-flags=-ffunction-sections --disable-libgomp --disable-libmudflap --disable-libmpx --disable-libssp --disable-libquadmath --disable-libquadmath-support --disable-libstdcxx-verbose --with-gmp=/builds/idf/crosstool-NG/.build/xtensa-esp-elf/buildtools --with-mpfr=/builds/idf/crosstool-NG/.build/xtensa-esp-elf/buildtools --with-mpc=/builds/idf/crosstool-NG/.build/xtensa-esp-elf/buildtools --with-isl=/builds/idf/crosstool-NG/.build/xtensa-esp-elf/buildtools --enable-lto --enable-target-optspace --without-long-double-128 --disable-nls --enable-multiarch --enable-languages=c c++ --disable-libstdcxx-verbose --enable-threads=posix --enable-gcov-custom-rtio --enable-libstdcxx-time=yes]
  ignore line: [Thread model: posix]
  ignore line: [Supported LTO compression algorithms: zlib]
  ignore line: [gcc version 13.2.0 (crosstool-NG esp-13.2.0_20230928) ]
  ignore line: [COLLECT_GCC_OPTIONS='-mdynconfig=xtensa_esp32s3.so' '-mlongcalls' '-fno-builtin-memcpy' '-fno-builtin-memset' '-fno-builtin-bzero' '-fno-builtin-stpcpy' '-fno-builtin-strncpy' '-v' '-o' 'CMakeFiles/cmTC_fed41.dir/CMakeCXXCompilerABI.cpp.obj' '-c' '-dumpdir' 'CMakeFiles/cmTC_fed41.dir/']
  ignore line: [ /opt/esp/tools/xtensa-esp-elf/esp-13.2.0_20230928/xtensa-esp-elf/bin/../libexec/gcc/xtensa-esp-elf/13.2.0/cc1plus -quiet -v -imultilib esp32s3 -iprefix /opt/esp/tools/xtensa-esp-elf/esp-13.2.0_20230928/xtensa-esp-elf/bin/../lib/gcc/xtensa-esp-elf/13.2.0/ /opt/esp/tools/cmake/3.24.0/share/cmake-3.24/Modules/CMakeCXXCompilerABI.cpp -quiet -dumpdir CMakeFiles/cmTC_fed41.dir/ -dumpbase CMakeCXXCompilerABI.cpp.cpp -dumpbase-ext .cpp -mdynconfig=xtensa_esp32s3.so -mlongcalls -version -fno-builtin-memcpy -fno-builtin-memset -fno-builtin-bzero -fno-builtin-stpcpy -fno-builtin-strncpy -o /tmp/ccoHWrJ5.s]
  ignore line: [GNU C++17 (crosstool-NG esp-13.2.0_20230928) version 13.2.0 (xtensa-esp-elf)]
  ignore line: [	compiled by GNU C version 4.9.2  GMP version 6.2.1  MPFR version 4.1.0  MPC version 1.2.1  isl version isl-0.24-GMP]
  ignore line: []
  ignore line: [GGC heuristics: --param ggc-min-expand=100 --param ggc-min-heapsize=131072]
  ignore line: [ignoring duplicate directory "/opt/esp/tools/xtensa-esp-elf/esp-13.2.0_20230928/xtensa-esp-elf/bin/../lib/gcc/../../lib/gcc/xtensa-esp-elf/13.2.0/../../../../xtensa-esp-elf/include/c++/13.2.0"]
  ignore line: [ignoring duplicate directory "/opt/esp/tools/xtensa-esp-elf/esp-13.2.0_20230928/xtensa-esp-elf/bin/../lib/gcc/../../lib/gcc/xtensa-esp-elf/13.2.0/../../../../xtensa-esp-elf/include/c++/13.2.0/xtensa-esp-elf/esp32s3"]
  ignore line: [ignoring duplicate directory "/opt/esp/tools/xtensa-esp-elf/esp-13.2.0_20230928/xtensa-esp-elf/bin/../lib/gcc/../../lib/gcc/xtensa-esp-elf/13.2.0/../../../../xtensa-esp-elf/include/c++/13.2.0/backward"]
  ignore line: [ignoring duplicate directory "/opt/esp/tools/xtensa-esp-elf/esp-13.2.0_20230928/xtensa-esp-elf/bin/../lib/gcc/../../lib/gcc/xtensa-esp-elf/13.2.0/include"]
  ignore line: [ignoring duplicate directory "/opt/esp/tools/xtensa-esp-elf/esp-13.2.0_20230928/xtensa-esp-elf/bin/../lib/gcc/../../lib/gcc/xtensa-esp-elf/13.2.0/include-fixed"]
  ignore line: [ignoring duplicate directory "/opt/esp/tools/xtensa-esp-elf/esp-13.2.0_20230928/xtensa-esp-elf/bin/../lib/gcc/../../lib/gcc/xtensa-esp-elf/13.2.0/../../../../xtensa-esp-elf/sys-include"]
  ignore line: [ignoring duplicate directory "/opt/esp/tools/xtensa-esp-elf/esp-13.2.0_20230928/xtensa-esp-elf/bin/../lib/gcc/../../lib/gcc/xtensa-esp-elf/13.2.0/../../../../xtensa-esp-elf/include"]
  ignore line: [#include "..." search starts here:]
  ignore line: [#include <...> search starts here:]
  ignore line: [ /opt/esp/tools/xtensa-esp-elf/esp-13.2.0_20230928/xtensa-esp-elf/bin/../lib/gcc/xtensa-esp-elf/13.2.0/../../../../xtensa-esp-elf/include/c++/13.2.0]
  ignore line: [ /opt/esp/tools/xtensa-esp-elf/esp-13.2.0_20230928/xtensa-esp-elf/bin/../lib/gcc/xtensa-esp-elf/13.2.0/../../../../xtensa-esp-elf/include/c++/13.2.0/xtensa-esp-elf/esp32s3]
  ignore line: [ /opt/esp/tools/xtensa-esp-elf/esp-13.2.0_20230928/xtensa-esp-elf/bin/../lib/gcc/xtensa-esp-elf/13.2.0/../../../../xtensa-esp-elf/include/c++/13.2.0/backward]
  ignore line: [ /opt/esp/tools/xtensa-esp-elf/esp-13.2.0_20230928/xtensa-esp-elf/bin/../lib/gcc/xtensa-esp-elf/13.2.0/include]
  ignore line: [ /opt/esp/tools/xtensa-esp-elf/esp-13.2.0_20230928/xtensa-esp-elf/bin/../lib/gcc/xtensa-esp-elf/13.2.0/include-fixed]
  ignore line: [ /opt/esp/tools/xtensa-esp-elf/esp-13.2.0_20230928/xtensa-esp-elf/bin/../lib/gcc/xtensa-esp-elf/13.2.0/../../../../xtensa-esp-elf/sys-include]
  ignore line: [ /opt/esp/tools/xtensa-esp-elf/esp-13.2.0_20230928/xtensa-esp-elf/bin/../lib/gcc/xtensa-esp-elf/13.2.0/../../../../xtensa-esp-elf/include]
  ignore line: [End of search list.]
  ignore line: [Compiler executable checksum: a028436f3bbddb46fb1c3c82b1060db5]
  ignore line: [COLLECT_GCC_OPTIONS='-mdynconfig=xtensa_esp32s3.so' '-mlongcalls' '-fno-builtin-memcpy' '-fno-builtin-memset' '-fno-builtin-bzero' '-fno-builtin-stpcpy' '-fno-builtin-strncpy' '-v' '-o' 'CMakeFiles/cmTC_fed41.dir/CMakeCXXCompilerABI.cpp.obj' '-c' '-dumpdir' 'CMakeFiles/cmTC_fed41.dir/']
  ignore line: [ /opt/esp/tools/xtensa-esp-elf/esp-13.2.0_20230928/xtensa-esp-elf/bin/../lib/gcc/xtensa-esp-elf/13.2.0/../../../../xtensa-esp-elf/bin/as --traditional-format --longcalls --dynconfig=xtensa_esp32s3.so -o CMakeFiles/cmTC_fed41.dir/CMakeCXXCompilerABI.cpp.obj /tmp/ccoHWrJ5.s]
  ignore line: [COMPILER_PATH=/opt/esp/tools/xtensa-esp-elf/esp-13.2.0_20230928/xtensa-esp-elf/bin/../libexec/gcc/xtensa-esp-elf/13.2.0/:/opt/esp/tools/xtensa-esp-elf/esp-13.2.0_20230928/xtensa-esp-elf/bin/../libexec/gcc/:/opt/esp/tools/xtensa-esp-elf/esp-13.2.0_20230928/xtensa-esp-elf/bin/../lib/gcc/xtensa-esp-elf/13.2.0/../../../../xtensa-esp-elf/bin/]
  ignore line: [LIBRARY_PATH=/opt/esp/tools/xtensa-esp-elf/esp-13.2.0_20230928/xtensa-esp-elf/bin/../lib/gcc/xtensa-esp-elf/13.2.0/esp32s3/:/opt/esp/tools/xtensa-esp-elf/esp-13.2.0_20230928/xtensa-esp-elf/bin/../lib/gcc/xtensa-esp-elf/13.2.0/../../../../xtensa-esp-elf/lib/esp32s3/:/opt/esp/tools/xtensa-esp-elf/esp-13.2.0_20230928/xtensa-esp-elf/bin/../lib/gcc/xtensa-esp-elf/13.2.0/:/opt/esp/tools/xtensa-esp-elf/esp-13.2.0_20230928/xtensa-esp-elf/bin/../lib/gcc/:/opt/esp/tools/xtensa-esp-elf/esp-13.2.0_20230928/xtensa-esp-elf/bin/../lib/gcc/xtensa-esp-elf/13.2.0/../../../../xtensa-esp-elf/lib/]
  ignore line: [COLLECT_GCC_OPTIONS='-mdynconfig=xtensa_esp32s3.so' '-mlongcalls' '-fno-builtin-memcpy' '-fno-builtin-memset' '-fno-builtin-bzero' '-fno-builtin-stpcpy' '-fno-builtin-strncpy' '-v' '-o' 'CMakeFiles/cmTC_fed41.dir/CMakeCXXCompilerABI.cpp.obj' '-c' '-dumpdir' 'CMakeFiles/cmTC_fed41.dir/CMakeCXXCompilerABI.cpp.']
  ignore line: [[2/2] Linking CXX executable cmTC_fed41]
  ignore line: [Using built-in specs.]
  ignore line: [COLLECT_GCC=/opt/esp/tools/xtensa-esp-elf/esp-13.2.0_20230928/xtensa-esp-elf/bin/xtensa-esp-elf-g++]
  ignore line: [COLLECT_LTO_WRAPPER=/opt/esp/tools/xtensa-esp-elf/esp-13.2.0_20230928/xtensa-esp-elf/bin/../libexec/gcc/xtensa-esp-elf/13.2.0/lto-wrapper]
  ignore line: [Target: xtensa-esp-elf]
  ignore line: [Configured with: /builds/idf/crosstool-NG/.build/xtensa-esp-elf/src/gcc/configure --build=x86_64-build_pc-linux-gnu --host=x86_64-build_pc-linux-gnu --target=xtensa-esp-elf --prefix=/builds/idf/crosstool-NG/builds/xtensa-esp-elf --exec_prefix=/builds/idf/crosstool-NG/builds/xtensa-esp-elf --with-local-prefix=/builds/idf/crosstool-NG/builds/xtensa-esp-elf/xtensa-esp-elf --with-headers=/builds/idf/crosstool-NG/builds/xtensa-esp-elf/xtensa-esp-elf/include --with-newlib --enable-threads=no --disable-shared --with-pkgversion='crosstool-NG esp-13.2.0_20230928' --disable-__cxa_atexit --enable-cxx-flags=-ffunction-sections --disable-libgomp --disable-libmudflap --disable-libmpx --disable-libssp --disable-libquadmath --disable-libquadmath-support --disable-libstdcxx-verbose --with-gmp=/builds/idf/crosstool-NG/.build/xtensa-esp-elf/buildtools --with-mpfr=/builds/idf/crosstool-NG/.build/xtensa-esp-elf/buildtools --with-mpc=/builds/idf/crosstool-NG/.build/xtensa-esp-elf/buildtools --with-isl=/builds/idf/crosstool-NG/.build/xtensa-esp-elf/buildtools --enable-lto --enable-target-optspace --without-long-double-128 --disable-nls --enable-multiarch --enable-languages=c c++ --disable-libstdcxx-verbose --enable-threads=posix --enable-gcov-custom-rtio --enable-libstdcxx-time=yes]
  ignore line: [Thread model: posix]
  ignore line: [Supported LTO compression algorithms: zlib]
  ignore line: [gcc version 13.2.0 (crosstool-NG esp-13.2.0_20230928) ]
  ignore line: [COMPILER_PATH=/opt/esp/tools/xtensa-esp-elf/esp-13.2.0_20230928/xtensa-esp-elf/bin/../libexec/gcc/xtensa-esp-elf/13.2.0/:/opt/esp/tools/xtensa-esp-elf/esp-13.2.0_20230928/xtensa-esp-elf/bin/../libexec/gcc/:/opt/esp/tools/xtensa-esp-elf/esp-13.2.0_20230928/xtensa-esp-elf/bin/../lib/gcc/xtensa-esp-elf/13.2.0/../../../../xtensa-esp-elf/bin/]
  ignore line: [LIBRARY_PATH=/opt/esp/tools/xtensa-esp-elf/esp-13.2.0_20230928/xtensa-esp-elf/bin/../lib/gcc/xtensa-esp-elf/13.2.0/esp32s3/:/opt/esp/tools/xtensa-esp-elf/esp-13.2.0_20230928/xtensa-esp-elf/bin/../lib/gcc/xtensa-esp-elf/13.2.0/../../../../xtensa-esp-elf/lib/esp32s3/:/opt/esp/tools/xtensa-esp-elf/esp-13.2.0_20230928/xtensa-esp-elf/bin/../lib/gcc/xtensa-esp-elf/13.2.0/:/opt/esp/tools/xtensa-esp-elf/esp-13.2.0_20230928/xtensa-esp-elf/bin/../lib/gcc/:/opt/esp/tools/xtensa-esp-elf/esp-13.2.0_20230928/xtensa-esp-elf/bin/../lib/gcc/xtensa-esp-elf/13.2.0/../../../../xtensa-esp-elf/lib/]
  ignore line: [COLLECT_GCC_OPTIONS='-mdynconfig=xtensa_esp32s3.so' '-mlongcalls' '-fno-builtin-memcpy' '-fno-builtin-memset' '-fno-builtin-bzero' '-fno-builtin-stpcpy' '-fno-builtin-strncpy' '-v' '-o' 'cmTC_fed41' '-dumpdir' 'cmTC_fed41.']
  link line: [ /opt/esp/tools/xtensa-esp-elf/esp-13.2.0_20230928/xtensa-esp-elf/bin/../libexec/gcc/xtensa-esp-elf/13.2.0/collect2 -plugin /opt/esp/tools/xtensa-esp-elf/esp-13.2.0_20230928/xtensa-esp-elf/bin/../libexec/gcc/xtensa-esp-elf/13.2.0/liblto_plugin.so -plugin-opt=/opt/esp/tools/xtensa-esp-elf/esp-13.2.0_20230928/xtensa-esp-elf/bin/../libexec/gcc/xtensa-esp-elf/13.2.0/lto-wrapper -plugin-opt=-fresolution=/tmp/ccbo4cQk.res -plugin-opt=-pass-through=-lgcc -plugin-opt=-pass-through=-lc -plugin-opt=-pass-through=-lnosys -plugin-opt=-pass-through=-lc -plugin-opt=-pass-through=-lgcc --dynconfig=xtensa_esp32s3.so -o cmTC_fed41 /opt/esp/tools/xtensa-esp-elf/esp-13.2.0_20230928/xtensa-esp-elf/bin/../lib/gcc/xtensa-esp-elf/13.2.0/../../../../xtensa-esp-elf/lib/esp32s3/crt0.o /opt/esp/tools/xtensa-esp-elf/esp-13.2.0_20230928/xtensa-esp-elf/bin/../lib/gcc/xtensa-esp-elf/13.2.0/esp32s3/crti.o /opt/esp/tools/xtensa-esp-elf/esp-13.2.0_20230928/xtensa-esp-elf/bin/../lib/gcc/xtensa-esp-elf/13.2.0/esp32s3/crtbegin.o -L/opt/esp/tools/xtensa-esp-elf/esp-13.2.0_20230928/xtensa-esp-elf/bin/../lib/gcc/xtensa-esp-elf/13.2.0/esp32s3 -L/opt/esp/tools/xtensa-esp-elf/esp-13.2.0_20230928/xtensa-esp-elf/bin/../lib/gcc/xtensa-esp-elf/13.2.0/../../../../xtensa-esp-elf/lib/esp32s3 -L/opt/esp/tools/xtensa-esp-elf/esp-13.2.0_20230928/xtensa-esp-elf/bin/../lib/gcc/xtensa-esp-elf/13.2.0 -L/opt/esp/tools/xtensa-esp-elf/esp-13.2.0_20230928/xtensa-esp-elf/bin/../lib/gcc -L/opt/esp/tools/xtensa-esp-elf/esp-13.2.0_20230928/xtensa-esp-elf/bin/../lib/gcc/xtensa-esp-elf/13.2.0/../../../../xtensa-esp-elf/lib CMakeFiles/cmTC_fed41.dir/CMakeCXXCompilerABI.cpp.obj -lstdc++ -lm -lgcc -lc -lnosys -lc -lgcc /opt/esp/tools/xtensa-esp-elf/esp-13.2.0_20230928/xtensa-esp-elf/bin/../lib/gcc/xtensa-esp-elf/13.2.0/esp32s3/crtend.o /opt/esp/tools/xtensa-esp-elf/esp-13.2.0_20230928/xtensa-esp-elf/bin/../lib/gcc/xtensa-esp-elf/13.2.0/esp32s3/crtn.o]
    arg [/opt/esp/tools/xtensa-esp-elf/esp-13.2.0_20230928/xtensa-esp-elf/bin/../libexec/gcc/xtensa-esp-elf/13.2.0/collect2] ==> ignore
    arg [-plugin] ==> ignore
    arg [/opt/esp/tools/xtensa-esp-elf/esp-13.2.0_20230928/xtensa-esp-elf/bin/../libexec/gcc/xtensa-esp-elf/13.2.0/liblto_plugin.so] ==> ignore
    arg [-plugin-opt=/opt/esp/tools/xtensa-esp-elf/esp-13.2.0_20230928/xtensa-esp-elf/bin/../libexec/gcc/xtensa-esp-elf/13.2.0/lto-wrapper] ==> ignore
    arg [-plugin-opt=-fresolution=/tmp/ccbo4cQk.res] ==> ignore
    arg [-plugin-opt=-pass-through=-lgcc] ==> ignore
    arg [-plugin-opt=-pass-through=-lc] ==> ignore
    arg [-plugin-opt=-pass-through=-lnosys] ==> ignore
    arg [-plugin-opt=-pass-through=-lc] ==> ignore
    arg [-plugin-opt=-pass-through=-lgcc] ==> ignore
    arg [--dynconfig=xtensa_esp32s3.so] ==> ignore
    arg [-o] ==> ignore
    arg [cmTC_fed41] ==> ignore
    arg [/opt/esp/tools/xtensa-esp-elf/esp-13.2.0_20230928/xtensa-esp-elf/bin/../lib/gcc/xtensa-esp-elf/13.2.0/../../../../xtensa-esp-elf/lib/esp32s3/crt0.o] ==> obj [/opt/esp/tools/xtensa-esp-elf/esp-13.2.0_20230928/xtensa-esp-elf/bin/../lib/gcc/xtensa-esp-elf/13.2.0/../../../../xtensa-esp-elf/lib/esp32s3/crt0.o]
    arg [/opt/esp/tools/xtensa-esp-elf/esp-13.2.0_20230928/xtensa-esp-elf/bin/../lib/gcc/xtensa-esp-elf/13.2.0/esp32s3/crti.o] ==> obj [/opt/esp/tools/xtensa-esp-elf/esp-13.2.0_20230928/xtensa-esp-elf/bin/../lib/gcc/xtensa-esp-elf/13.2.0/esp32s3/crti.o]
    arg [/opt/esp/tools/xtensa-esp-elf/esp-13.2.0_20230928/xtensa-esp-elf/bin/../lib/gcc/xtensa-esp-elf/13.2.0/esp32s3/crtbegin.o] ==> obj [/opt/esp/tools/xtensa-esp-elf/esp-13.2.0_20230928/xtensa-esp-elf/bin/../lib/gcc/xtensa-esp-elf/13.2.0/esp32s3/crtbegin.o]
    arg [-L/opt/esp/tools/xtensa-esp-elf/esp-13.2.0_20230928/xtensa-esp-elf/bin/../lib/gcc/xtensa-esp-elf/13.2.0/esp32s3] ==> dir [/opt/esp/tools/xtensa-esp-elf/esp-13.2.0_20230928/xtensa-esp-elf/bin/../lib/gcc/xtensa-esp-elf/13.2.0/esp32s3]
    arg [-L/opt/esp/tools/xtensa-esp-elf/esp-13.2.0_20230928/xtensa-esp-elf/bin/../lib/gcc/xtensa-esp-elf/13.2.0/../../../../xtensa-esp-elf/lib/esp32s3] ==> dir [/opt/esp/tools/xtensa-esp-elf/esp-13.2.0_20230928/xtensa-esp-elf/bin/../lib/gcc/xtensa-esp-elf/13.2.0/../../../../xtensa-esp-elf/lib/esp32s3]
    arg [-L/opt/esp/tools/xtensa-esp-elf/esp-13.2.0_20230928/xtensa-esp-elf/bin/../lib/gcc/xtensa-esp-elf/13.2.0] ==> dir [/opt/esp/tools/xtensa-esp-elf/esp-13.2.0_20230928/xtensa-esp-elf/bin/../lib/gcc/xtensa-esp-elf/13.2.0]
    arg [-L/opt/esp/tools/xtensa-esp-elf/esp-13.2.0_20230928/xtensa-esp-elf/bin/../lib/gcc] ==> dir [/opt/esp/tools/xtensa-esp-elf/esp-13.2.0_20230928/xtensa-esp-elf/bin/../lib/gcc]
    arg [-L/opt/esp/tools/xtensa-esp-elf/esp-13.2.0_20230928/xtensa-esp-elf/bin/../lib/gcc/xtensa-esp-elf/13.2.0/../../../../xtensa-esp-elf/lib] ==> dir [/opt/esp/tools/xtensa-esp-elf/esp-13.2.0_20230928/xtensa-esp-elf/bin/../lib/gcc/xtensa-esp-elf/13.2.0/../../../../xtensa-esp-elf/lib]
    arg [CMakeFiles/cmTC_fed41.dir/CMakeCXXCompilerABI.cpp.obj] ==> ignore
    arg [-lstdc++] ==> lib [stdc++]
    arg [-lm] ==> lib [m]
    arg [-lgcc] ==> lib [gcc]
    arg [-lc] ==> lib [c]
    arg [-lnosys] ==> lib [nosys]
    arg [-lc] ==> lib [c]
    arg [-lgcc] ==> lib [gcc]
    arg [/opt/esp/tools/xtensa-esp-elf/esp-13.2.0_20230928/xtensa-esp-elf/bin/../lib/gcc/xtensa-esp-elf/13.2.0/esp32s3/crtend.o] ==> obj [/opt/esp/tools/xtensa-esp-elf/esp-13.2.0_20230928/xtensa-esp-elf/bin/../lib/gcc/xtensa-esp-elf/13.2.0/esp32s3/crtend.o]
    arg [/opt/esp/tools/xtensa-esp-elf/esp-13.2.0_20230928/xtensa-esp-elf/bin/../lib/gcc/xtensa-esp-elf/13.2.0/esp32s3/crtn.o] ==> obj [/opt/esp/tools/xtensa-esp-elf/esp-13.2.0_20230928/xtensa-esp-elf/bin/../lib/gcc/xtensa-esp-elf/13.2.0/esp32s3/crtn.o]
  collapse obj [/opt/esp/tools/xtensa-esp-elf/esp-13.2.0_20230928/xtensa-esp-elf/bin/../lib/gcc/xtensa-esp-elf/13.2.0/../../../../xtensa-esp-elf/lib/esp32s3/crt0.o] ==> [/opt/esp/tools/xtensa-esp-elf/esp-13.2.0_20230928/xtensa-esp-elf/xtensa-esp-elf/lib/esp32s3/crt0.o]
  collapse obj [/opt/esp/tools/xtensa-esp-elf/esp-13.2.0_20230928/xtensa-esp-elf/bin/../lib/gcc/xtensa-esp-elf/13.2.0/esp32s3/crti.o] ==> [/opt/esp/tools/xtensa-esp-elf/esp-13.2.0_20230928/xtensa-esp-elf/lib/gcc/xtensa-esp-elf/13.2.0/esp32s3/crti.o]
  collapse obj [/opt/esp/tools/xtensa-esp-elf/esp-13.2.0_20230928/xtensa-esp-elf/bin/../lib/gcc/xtensa-esp-elf/13.2.0/esp32s3/crtbegin.o] ==> [/opt/esp/tools/xtensa-esp-elf/esp-13.2.0_20230928/xtensa-esp-elf/lib/gcc/xtensa-esp-elf/13.2.0/esp32s3/crtbegin.o]
  collapse obj [/opt/esp/tools/xtensa-esp-elf/esp-13.2.0_20230928/xtensa-esp-elf/bin/../lib/gcc/xtensa-esp-elf/13.2.0/esp32s3/crtend.o] ==> [/opt/esp/tools/xtensa-esp-elf/esp-13.2.0_20230928/xtensa-esp-elf/lib/gcc/xtensa-esp-elf/13.2.0/esp32s3/crtend.o]
  collapse obj [/opt/esp/tools/xtensa-esp-elf/esp-13.2.0_20230928/xtensa-esp-elf/bin/../lib/gcc/xtensa-esp-elf/13.2.0/esp32s3/crtn.o] ==> [/opt/esp/tools/xtensa-esp-elf/esp-13.2.0_20230928/xtensa-esp-elf/lib/gcc/xtensa-esp-elf/13.2.0/esp32s3/crtn.o]
  collapse library dir [/opt/esp/tools/xtensa-esp-elf/esp-13.2.0_20230928/xtensa-esp-elf/bin/../lib/gcc/xtensa-esp-elf/13.2.0/esp32s3] ==> [/opt/esp/tools/xtensa-esp-elf/esp-13.2.0_20230928/xtensa-esp-elf/lib/gcc/xtensa-esp-elf/13.2.0/esp32s3]
  collapse library dir [/opt/esp/tools/xtensa-esp-elf/esp-13.2.0_20230928/xtensa-esp-elf/bin/../lib/gcc/xtensa-esp-elf/13.2.0/../../../../xtensa-esp-elf/lib/esp32s3] ==> [/opt/esp/tools/xtensa-esp-elf/esp-13.2.0_20230928/xtensa-esp-elf/xtensa-esp-elf/lib/esp32s3]
  collapse library dir [/opt/esp/tools/xtensa-esp-elf/esp-13.2.0_20230928/xtensa-esp-elf/bin/../lib/gcc/xtensa-esp-elf/13.2.0] ==> [/opt/esp/tools/xtensa-esp-elf/esp-13.2.0_20230928/xtensa-esp-elf/lib/gcc/xtensa-esp-elf/13.2.0]
  collapse library dir [/opt/esp/tools/xtensa-esp-elf/esp-13.2.0_20230928/xtensa-esp-elf/bin/../lib/gcc] ==> [/opt/esp/tools/xtensa-esp-elf/esp-13.2.0_20230928/xtensa-esp-elf/lib/gcc]
  collapse library dir [/opt/esp/tools/xtensa-esp-elf/esp-13.2.0_20230928/xtensa-esp-elf/bin/../lib/gcc/xtensa-esp-elf/13.2.0/../../../../xtensa-esp-elf/lib] ==> [/opt/esp/tools/xtensa-esp-elf/esp-13.2.0_20230928/xtensa-esp-elf/xtensa-esp-elf/lib]
  implicit libs: [stdc++;m;gcc;c;nosys;c;gcc]
  implicit objs: [/opt/esp/tools/xtensa-esp-elf/esp-13.2.0_20230928/xtensa-esp-elf/xtensa-esp-elf/lib/esp32s3/crt0.o;/opt/esp/tools/xtensa-esp-elf/esp-13.2.0_20230928/xtensa-esp-elf/lib/gcc/xtensa-esp-elf/13.2.0/esp32s3/crti.o;/opt/esp/tools/xtensa-esp-elf/esp-13.2.0_20230928/xtensa-esp-elf/lib/gcc/xtensa-esp-elf/13.2.0/esp32s3/crtbegin.o;/opt/esp/tools/xtensa-esp-elf/esp-13.2.0_20230928/xtensa-esp-elf/lib/gcc/xtensa-esp-elf/13.2.0/esp32s3/crtend.o;/opt/esp/tools/xtensa-esp-elf/esp-13.2.0_20230928/xtensa-esp-elf/lib/gcc/xtensa-esp-elf/13.2.0/esp32s3/crtn.o]
  implicit dirs: [/opt/esp/tools/xtensa-esp-elf/esp-13.2.0_20230928/xtensa-esp-elf/lib/gcc/xtensa-esp-elf/13.2.0/esp32s3;/opt/esp/tools/xtensa-esp-elf/esp-13.2.0_20230928/xtensa-esp-elf/xtensa-esp-elf/lib/esp32s3;/opt/esp/tools/xtensa-esp-elf/esp-13.2.0_20230928/xtensa-esp-elf/lib/gcc/xtensa-esp-elf/13.2.0;/opt/esp/tools/xtensa-esp-elf/esp-13.2.0_20230928/xtensa-esp-elf/lib/gcc;/opt/esp/tools/xtensa-esp-elf/esp-13.2.0_20230928/xtensa-esp-elf/xtensa-esp-elf/lib]
  implicit fwks: []


The target system is: Generic -  - 
The host system is: Linux - 6.18.33.2-microsoft-standard-WSL2 - x86_64
Compiling the C compiler identification source file "CMakeCCompilerId.c" succeeded.
Compiler: /opt/esp/tools/xtensa-esp-elf/esp-13.2.0_20230928/xtensa-esp-elf/bin/xtensa-esp32s3-elf-gcc 
Build flags: -mlongcalls;;-fno-builtin-memcpy;-fno-builtin-memset;-fno-builtin-bzero;-fno-builtin-stpcpy;-fno-builtin-strncpy
Id flags: -c 

The output was:
0


Compilation of the C compiler identification source "CMakeCCompilerId.c" produced "a.out"

Compiling the C compiler identification source file "CMakeCCompilerId.c" succeeded.
Compiler: /opt/esp/tools/xtensa-esp-elf/esp-13.2.0_20230928/xtensa-esp-elf/bin/xtensa-esp32s3-elf-gcc 
Build flags: -mlongcalls;;-fno-builtin-memcpy;-fno-builtin-memset;-fno-builtin-bzero;-fno-builtin-stpcpy;-fno-builtin-strncpy
Id flags: -D__CLASSIC_C__ 

The output was:
0


The C compiler identification is GNU, found in "/project/build/CMakeFiles/3.24.0/CompilerIdC/a.out"

Compilation of the C compiler identification source "CMakeCCompilerId.c" produced "a.out"

The C compiler identification is GNU, found in "/project/build/CMakeFiles/3.24.0/CompilerIdC/a.out"

Compiling the CXX compiler identification source file "CMakeCXXCompilerId.cpp" succeeded.
Compiler: /opt/esp/tools/xtensa-esp-elf/esp-13.2.0_20230928/xtensa-esp-elf/bin/xtensa-esp32s3-elf-g++ 
Build flags: -mlongcalls;;-fno-builtin-memcpy;-fno-builtin-memset;-fno-builtin-bzero;-fno-builtin-stpcpy;-fno-builtin-strncpy
Id flags:  

The output was:
0


Compiling the CXX compiler identification source file "CMakeCXXCompilerId.cpp" succeeded.
Compiler: /opt/esp/tools/xtensa-esp-elf/esp-13.2.0_20230928/xtensa-esp-elf/bin/xtensa-esp32s3-elf-g++ 
Build flags: -mlongcalls;;-fno-builtin-memcpy;-fno-builtin-memset;-fno-builtin-bzero;-fno-builtin-stpcpy;-fno-builtin-strncpy
Id flags:  

The output was:
0


Compilation of the CXX compiler identification source "CMakeCXXCompilerId.cpp" produced "a.out"

Compilation of the CXX compiler identification source "CMakeCXXCompilerId.cpp" produced "a.out"

The CXX compiler identification is GNU, found in "/project/build/CMakeFiles/3.24.0/CompilerIdCXX/a.out"

Checking whether the ASM compiler is GNU using "--version" matched "(GNU assembler)|(GCC)|(Free Software Foundation)":
xtensa-esp-elf-gcc (crosstool-NG esp-13.2.0_20230928) 13.2.0
Copyright (C) 2023 Free Software Foundation, Inc.
This is free software; see the source for copying conditions.  There is NO
warranty; not even for MERCHANTABILITY or FITNESS FOR A PARTICULAR PURPOSE.

Checking whether the ASM compiler is GNU using "--version" matched "(GNU assembler)|(GCC)|(Free Software Foundation)":
xtensa-esp-elf-gcc (crosstool-NG esp-13.2.0_20230928) 13.2.0
Copyright (C) 2023 Free Software Foundation, Inc.
This is free software; see the source for copying conditions.  There is NO
warranty; not even for MERCHANTABILITY or FITNESS FOR A PARTICULAR PURPOSE.

